product_name,review_title,review_comment,review_rating,review_date,user_username,user_profile_url,verified_purchase
Apple AirPods Charging Latest Model,Charging is horrible,Charger doesn’t consistently charge. Drains while plugged in. Same with pods.  Pods sound fine and they charge well will an older charge.,3.0 out of 5 stars,"October 23, 2022",Teddi,https://amazon.com//gp/profile/amzn1.account.AEEOGXVM2BGCWUKFTSPOQRG4GYAA/ref=cm_cr_arp_d_gw_btm?ie=UTF8,True
Apple AirPods Charging Latest Model,"Works perfect with Dell laptop, Samsung cell phone, and Ipad",Easy steps to follow for all devices.,5.0 out of 5 stars,"October 22, 2022",Pama,https://amazon.com//gp/profile/amzn1.account.AHX5TAR3ETH4DMFH62DKVYRVAB5Q/ref=cm_cr_arp_d_gw_btm?ie=UTF8,True
Apple AirPods Charging Latest Model,Apple does it again,Apple is always top quality and these are no exception. They work exactly as you would expect and Amazon had them at a better price than any one in my area. Even cheaper than some were selling used ones online.,5.0 out of 5 stars,"October 22, 2022",Charlie P.,https://amazon.com//gp/profile/amzn1.account.AFDLXRCZ32KFAMUHAHLOVJCIVY3Q/ref=cm_cr_arp_d_gw_btm?ie=UTF8,True
Apple AirPods Charging Latest Model,Works good,No problems  they work good,5.0 out of 5 stars,"October 22, 2022",Paula Pearson,https://amazon.com//gp/profile/amzn1.account.AHKZ4BKVILTLTGJHT4IRPM6RZZUQ/ref=cm_cr_arp_d_gw_btm?ie=UTF8,True
Apple AirPods Charging Latest Model,Good product,"confortable, very good product",5.0 out of 5 stars,"October 22, 2022",Reynaldo Rodriguez,https://amazon.com//gp/profile/amzn1.account.AFW5SVJPK6STNBGKRG7LO7GDQ7NA/ref=cm_cr_arp_d_gw_btm?ie=UTF8,True
Apple AirPods Charging Latest Model,Great product,Great product,5.0 out of 5 stars,"October 22, 2022",Amazon Customer,https://amazon.com//gp/profile/amzn1.account.AE4SFN4AY5YSM4DGVYNCIWXYZCKQ/ref=cm_cr_arp_d_gw_btm?ie=UTF8,True
Apple AirPods Charging Latest Model,Outstanding product,Listen to music,5.0 out of 5 stars,"October 22, 2022",Dana A. Byerson,https://amazon.com//gp/profile/amzn1.account.AG3OCBP6JCHVA5AS7J4N76M3GW6Q/ref=cm_cr_arp_d_gw_btm?ie=UTF8,True
Apple AirPods Charging Latest Model,Great review on Apple air pod.,Sound quality is better than other air pods.,5.0 out of 5 stars,"October 22, 2022",Danilo,https://amazon.com//gp/profile/amzn1.account.AG3XEUU7CLHEH4KV5BRVLAOA5EWA/ref=cm_cr_arp_d_gw_btm?ie=UTF8,True
Apple AirPods Charging Latest Model,DO NOT WASTE YOUR MONEY,"These units were manufactured 2019 AND HAVE NO APPLE WARRANTY! Amazon will try to pass you off to Apple. Apple will tell you “these items are 2+ years out of the Apple warranty. Again, don’t waste your money!!",1.0 out of 5 stars,"October 22, 2022",Dana Fadalla,https://amazon.com//gp/profile/amzn1.account.AESEIHSIUDQ7VGJYL7O5O3M23WGA/ref=cm_cr_arp_d_gw_btm?ie=UTF8,True
Apple AirPods Charging Latest Model,Pleased,They work well.,5.0 out of 5 stars,"October 22, 2022",Sue,https://amazon.com//gp/profile/amzn1.account.AEQACAYDVBS22MXRDNLXPTSL53AA/ref=cm_cr_arp_d_gw_btm?ie=UTF8,True
Apple AirPods Charging Latest Model,SO EASY!!!!,I’ve used budget off brands that are ok but the real thing is SEAMLESS!!!! I may actually use these because there’s no effort in connecting them to my phone.,5.0 out of 5 stars,"October 22, 2022",Mitchyg,https://amazon.com//gp/profile/amzn1.account.AGAFMSIGJOCKMLDP6H6OMEOFRLOQ/ref=cm_cr_arp_d_gw_btm?ie=UTF8,True
Apple AirPods Charging Latest Model,Good,Very nice,5.0 out of 5 stars,"October 22, 2022",Michell,https://amazon.com//gp/profile/amzn1.account.AEOGHBXQK7HNVIS6PGODKRV5CACA/ref=cm_cr_arp_d_gw_btm?ie=UTF8,True
Apple AirPods Charging Latest Model,Doesn't last long or stay connected,I was excited to get some airpods but they don't seem to work very well outside and the battery doesn't seem to last as long as they claim. You would think that they would make quality products since they got rid of the headphone jacks but it is just another money grab!,1.0 out of 5 stars,"October 22, 2022",Amazon Customer,https://amazon.com//gp/profile/amzn1.account.AFGUKN3RYSJMN6WZ6KUZ3S6FSJ3A/ref=cm_cr_arp_d_gw_btm?ie=UTF8,True
Apple AirPods Charging Latest Model,It  sounds great,Love it,5.0 out of 5 stars,"October 22, 2022",Jijie Poinson,https://amazon.com//gp/profile/amzn1.account.AHOBSHATM7ZFNF2OUEP7PMH7CGZQ/ref=cm_cr_arp_d_gw_btm?ie=UTF8,True
Apple AirPods Charging Latest Model,Works Great,"My grandson has an iphone 11, received these as a birthday gift and he loves them.",5.0 out of 5 stars,"October 22, 2022",Pat,https://amazon.com//gp/profile/amzn1.account.AF6S54FC3ZZB4MOAWDX4LDPIS4DQ/ref=cm_cr_arp_d_gw_btm?ie=UTF8,True
Apple AirPods Charging Latest Model,Love my buds!,Quality product,5.0 out of 5 stars,"October 21, 2022",Pony191,https://amazon.com//gp/profile/amzn1.account.AES6V3DCELOMTEUZ5TBJBALNVLJA/ref=cm_cr_arp_d_gw_btm?ie=UTF8,True
Apple AirPods Charging Latest Model,So happy I bought these!,"Package came in original Apple packaging, everything was new and sealed .  Everything works perfectly well!!!  Awesome deal  will be buying for the hubby",5.0 out of 5 stars,"October 21, 2022",Jasmine,https://amazon.com//gp/profile/amzn1.account.AHJYPEDIQDP3XYI6KUHTYNBN45ZQ/ref=cm_cr_arp_d_gw_btm?ie=UTF8,True
Apple AirPods Charging Latest Model,I Expected More out of Apple,I finally got some AirPods since everybody seems to be using them. They aren’t the best. They don’t stay in your ears as good as they make it seem. But the sound quality is good.,4.0 out of 5 stars,"October 21, 2022",Shy Jay,https://amazon.com//gp/profile/amzn1.account.AEJR5QEENIEMJASOWWVZ3WUEPCKQ/ref=cm_cr_arp_d_gw_btm?ie=UTF8,True
Apple AirPods Charging Latest Model,These are a must have,I put off buying these for a while and wish now I would have bought them sooner! Great sound and a great product!!!,5.0 out of 5 stars,"October 21, 2022",Todd Miller,https://amazon.com//gp/profile/amzn1.account.AGKOXNMGVRHXNKFSFKQP3APJJ26Q/ref=cm_cr_arp_d_gw_btm?ie=UTF8,True
Apple AirPods Charging Latest Model,Not a good product.,Stopped working after 2 months.,2.0 out of 5 stars,"October 21, 2022",ray,https://amazon.com//gp/profile/amzn1.account.AGMCATTUZXB4QFZ76ZYZJUFEIEDQ/ref=cm_cr_arp_d_gw_btm?ie=UTF8,True
Apple AirPods Charging Latest Model,Perfect,Came brand new and beautiful!,5.0 out of 5 stars,"October 21, 2022",Nicholas,https://amazon.com//gp/profile/amzn1.account.AFEP3FV4DS6DTC4XIAMUIVPQ5K5Q/ref=cm_cr_arp_d_gw_btm?ie=UTF8,True
Apple AirPods Charging Latest Model,Original and best for price,Got it on a deal. Work well and does the job,5.0 out of 5 stars,"October 21, 2022",Zee,https://amazon.com//gp/profile/amzn1.account.AEZ5C76GFGF45CMEOWTMS7GRGNNQ/ref=cm_cr_arp_d_gw_btm?ie=UTF8,True
Apple AirPods Charging Latest Model,They are great you could still hear what’s going on out there,I like they were not expensive the price was affordable the sound is ok and I don’t like they don’t last a long time battery thanks.,4.0 out of 5 stars,"October 21, 2022",Molly Franko,https://amazon.com//gp/profile/amzn1.account.AEMUNWIEEE73I5RGNTH6VMFHBLNA/ref=cm_cr_arp_d_gw_btm?ie=UTF8,True
Apple AirPods Charging Latest Model,Perfect,Perfect and fast delivery. Would buy from this seller again. Thank you.,5.0 out of 5 stars,"October 20, 2022",Charmedlife,https://amazon.com//gp/profile/amzn1.account.AHZQI6ZI4KY3Q4FW7YAAE6YKPGZQ/ref=cm_cr_arp_d_gw_btm?ie=UTF8,True
Apple AirPods Charging Latest Model,"overall, pretty good","It has shorter battery life compare to 3rd generation, but it does it’s job and I got it for good price. So nothing to complain.",5.0 out of 5 stars,"October 20, 2022",Qiu,https://amazon.com//gp/profile/amzn1.account.AGQBB2L3JU2UZ7S24DW3IWBK7UHA/ref=cm_cr_arp_d_gw_btm?ie=UTF8,True
Apple AirPods Charging Latest Model,Fake?,I couldn’t even pair with my iPhone and iPad,1.0 out of 5 stars,"October 20, 2022",MC,https://amazon.com//gp/profile/amzn1.account.AHDGQPTFGJQ675JPID3EOJ4ZFJ5A/ref=cm_cr_arp_d_gw_btm?ie=UTF8,True
Apple AirPods Charging Latest Model,Unfortunately very bad quality,Im apple user and i love apple productsThis item very bad in quality and noise cancellation I think it’s worth 10$I don’t recommend and I recommend the new generation headset,1.0 out of 5 stars,"October 20, 2022",max,https://amazon.com//gp/profile/amzn1.account.AGROOP5NQLIUF6HCHTK2BBIXXEAQ/ref=cm_cr_arp_d_gw_btm?ie=UTF8,True
Apple AirPods Charging Latest Model,A good but not perfect product,"This product really gives a good first impression.  - No trouble at all connecting like other Bluetooth devices where you kinda have to brace yourself to deal with trouble connecting  - The battery life is great too: you can go for around 2 days without charging.  - But the sound quality wasn’t like ~great. It’s just like the regular EarPods. No bass, no pop, just mediocre sound qualityBut the more you use it, you’ll find more trouble: especially with the auto-connect feature  - I like to watch youtube on my iPad while I’m watching lectures or on a Zoom call.  - And these Air Pods really struggle with, which devices am I gonna connect to.  - It’s kinda annoying to have to manually switch between devices (and it lagged too)  - I think this is kinda short-sighted of Apple since it’s pretty clear that their users are likely to have an ecosystem of Apple products already and like to use them simultaneously.2nd problem: you don’t know if it’s connected or not  - This has happened a couple of times: when I have my laptop and iPad, both devices will show that the AirPods are connected.  - But it’s a guessing game of which audio it’s gonna play.  - So many times when my laptop just plays the audio out loud and I have no idea.  - There’s no way for me to check if the audio if from my mac or is it from my earbuds.Overall: It's pretty affordable Apple wireless earbuds in comparison to other models. So if you're on a budget and dying to have decent wireless earbuds, go for it. I would not recommend it if you're looking for really good sound quality and noise-canceling earbuds.",4.0 out of 5 stars,"October 20, 2022",Krystal Nguyen,https://amazon.com//gp/profile/amzn1.account.AEZVUDW66F65E3URV537APGV3EOQ/ref=cm_cr_arp_d_gw_btm?ie=UTF8,True
Apple AirPods Charging Latest Model,Good buy,Worth the money ..well spent no complaints 3months still working fine!,5.0 out of 5 stars,"October 20, 2022",S.L,https://amazon.com//gp/profile/amzn1.account.AEMRNBGPSGCUCBH2P47KMPSJFDHA/ref=cm_cr_arp_d_gw_btm?ie=UTF8,True
Apple AirPods Charging Latest Model,it is what you expect,good,4.0 out of 5 stars,"October 20, 2022",Giorgi Eliadze,https://amazon.com//gp/profile/amzn1.account.AEU5PGVDJRWMUNYW6QWMJB2R54KA/ref=cm_cr_arp_d_gw_btm?ie=UTF8,True
Apple AirPods Charging Latest Model,Great,I went from Samsung galaxy buds to these. Everything is awesome but the battery life is so short,5.0 out of 5 stars,"October 20, 2022",Rylee Howsare,https://amazon.com//gp/profile/amzn1.account.AHTJ66NOP36HENNZOMKPUKRCITPQ/ref=cm_cr_arp_d_gw_btm?ie=UTF8,True
Apple AirPods Charging Latest Model,So far so good!,I have been wanting these for a while but I waited for a sale.  Now I wish I would have bought them sooner .... love them,5.0 out of 5 stars,"October 20, 2022",Jessica,https://amazon.com//gp/profile/amzn1.account.AGY5WPTQOUIUU4DGOKDHDSWOWYLA/ref=cm_cr_arp_d_gw_btm?ie=UTF8,True
Apple AirPods Charging Latest Model,Very Disappointed,"AirPods have always been a complete disaster. I’ve had three pairs of these over the years and they are all share the same trait: ABSOLUTE CRAP. I rarely use them anymore and I will never buy them again or recommend them. They are a complete rip off for the price you are paying. Apple only made the thing for pure profit and nothing else. Do not be fooled by the ads on tv for airpods, they are full of a bunch of bs and make them seem ages better than what they actually are. The build quality is ok. The sound quality however is terrible. The mids are ok but there is one thing that pisses me off, airpods HAVE NO TOP END. None. 0. They sound terrible. They sound like regular old earbuds in the sound quality department. Definitely not $130 “headphones.” If you could even call them headphones. The third problem is the way they fit in your ears. They fit like crap. They never feel like they are truly in the right spot and they constantly move around and shift position. And the sound gets worse every time they move. So you have to fiddle around with them to get them in the right spot to delver the best possible sound. The fourth problem is the way they preform around noise. Even since the first time I got airpods, I only liked using them in a near silent room. If you try to use them where there is a bunch of noise or if you are outside and it’s noisy, you have to jack the volume way up. Making the sound even worse. The more noise you have, the more of the top end disappears. For example, if you are outside and you are on your morning run (which is what I was looking forward to using these for when I first got them) you might as well forget it because all you will hear is the upper mids and treble. And trying to adjust any audio settings to fix that problem makes them sound even worse. The fifth problem is the battery life. The battery life is mediocre. And that is a generous statement. Under normal use (for me anyway), The case needs charging about once a week which isn’t bad. But that actual AirPods are not good. I normally have to charge these about twice a day sometimes even three times. The batteries in them are not meant to last. The more you use these, the less they hold their charge. It’s ridiculous. When I first got them, I could go a whole day without having to charge them and now I Cant go a full day without having to charge them at least twice. It seems to me that Apple designed the battery in these to absolutely kill itself right before they release a new version of airpods. So that way everyone will happily fork over hundreds of dollars to get the next pair of overpriced ShitPods. Yes, you may look cool wearing them. But here is a fact, no one hates airpods more that people who own airpods. If I pay $130, I better be getting some very decent headphones. But no. These are crap. Back in 2012, I bought an iPhone 4s and it came with a pair of standard Apple earbuds. I still own those earbuds. What makes me frustrated is that those earbuds from 2012 sound ages better than the CrapPods. I’d AT LEAST expect the sound quality  to be the same if not better than some $15 earbuds from 2012. The bottom line is: do not buy these if you are looking for some actually decent headphones. It will save you a lot of time and money. There are so many better alternatives out there for the money. Don’t get ripped off. Don’t waste your money. Don’t buy airpods. Get something else.",1.0 out of 5 stars,"October 20, 2022",Andrew,https://amazon.com//gp/profile/amzn1.account.AEPSBHYYYKYN3KW7EXDJSKOARGBA/ref=cm_cr_arp_d_gw_btm?ie=UTF8,False
Apple AirPods Charging Latest Model,Product sent & didn’t work,Left airpod isn’t charging and doesn’t play music - opened box and showed a charge but didn’t work. Tried charging and still doesn’t work. Never used.,1.0 out of 5 stars,"October 20, 2022",Amazon Customer,https://amazon.com//gp/profile/amzn1.account.AHVGM2Q5VOKCLSJCDQGLV4YMBPZA/ref=cm_cr_arp_d_gw_btm?ie=UTF8,True
Apple AirPods Charging Latest Model,G,Eve,5.0 out of 5 stars,"October 20, 2022",Jennifer Martinez,https://amazon.com//gp/profile/amzn1.account.AFGVAADVGJTTOZQ4HLSBFBM3TGWA/ref=cm_cr_arp_d_gw_btm?ie=UTF8,True
Apple AirPods Charging Latest Model,"Great, perfect, amazing","Great, perfect, amazing",5.0 out of 5 stars,"October 20, 2022",david hernandez,https://amazon.com//gp/profile/amzn1.account.AH67GVA5FV3UEIX6V3CQCZSPOT4Q/ref=cm_cr_arp_d_gw_btm?ie=UTF8,True
Apple AirPods Charging Latest Model,Mic stopped working well after 6 months,Mic stopped working well after 6 months. disposable,1.0 out of 5 stars,"October 20, 2022",Germano Ribeiro,https://amazon.com//gp/profile/amzn1.account.AFM6KRNCCXN6U4AEYE6Y6NMIGZ5A/ref=cm_cr_arp_d_gw_btm?ie=UTF8,True
Apple AirPods Charging Latest Model,like,Item is of exemplary quality! Very appealing packaging. Delivery was very swift. Seller is sterling.,5.0 out of 5 stars,"October 20, 2022",Saroj Singh,https://amazon.com//gp/profile/amzn1.account.AE2A6R4Z4F5KHOKDJGY53BL5WFQA/ref=cm_cr_arp_d_gw_btm?ie=UTF8,True
Apple AirPods Charging Latest Model,Airpods,"These are pods have great sound, fit perfect to ears! Love these more than newer generation pods! Highly recommend",5.0 out of 5 stars,"October 20, 2022",Meka_Naturally,https://amazon.com//gp/profile/amzn1.account.AF5QFNA24CHJYGXIKN5HKPN76RSA/ref=cm_cr_arp_d_gw_btm?ie=UTF8,True
Apple AirPods Charging Latest Model,Good value as opposed to high-end AirPods.,"These are pretty much as we expected. Good but not great noise canceling, good quality.  The storage case is awesome with the magnetic closure.",4.0 out of 5 stars,"October 20, 2022",Cynthia Cooper,https://amazon.com//gp/profile/amzn1.account.AE6H3OOIOMANNTM445Q2CSHO3PYQ/ref=cm_cr_arp_d_gw_btm?ie=UTF8,True
Apple AirPods Charging Latest Model,Great Gift,"Got this on Amazon deal days for my boyfriend. He says they work great, and he uses them all the time. Easy to Bluetooth as wel!",5.0 out of 5 stars,"October 19, 2022",Adriane Cole,https://amazon.com//gp/profile/amzn1.account.AGDRBXZC5GSAMBPWZTZHRGTEK4XQ/ref=cm_cr_arp_d_gw_btm?ie=UTF8,True
Apple AirPods Charging Latest Model,Toiletpods,Apple ToiletPods!! The worst apple product but yeah next to new iPhone heating shut down! Those AirPods only stays in here if you do not know who your breath! If you stand over the toilet it will drop in! It does look nice but once it’s in the toilet it look like💩 n Becomes Doodoo pods! Do not buy because you will lose it in the toilet and then flush it away!,1.0 out of 5 stars,"October 19, 2022",omarfist,https://amazon.com//gp/profile/amzn1.account.AG5YMRKJCA2T45HTADUFYE77FPLQ/ref=cm_cr_arp_d_gw_btm?ie=UTF8,False
Apple AirPods Charging Latest Model,A great classic,"I actually prefer this generation of AirPods since its not noise cancelling. You can be more aware of your surroundings, especially for someone living in a big city",5.0 out of 5 stars,"October 19, 2022",Emily Sanchez,https://amazon.com//gp/profile/amzn1.account.AFPFXPQSIFBI2ARCNE2ZH6U6PYDA/ref=cm_cr_arp_d_gw_btm?ie=UTF8,True
Apple AirPods Charging Latest Model,Airpod stolen during delivery,My package came in. I opened the box and the actual airpod case and charger werent in there..,5.0 out of 5 stars,"October 19, 2022",Emmanuel Suarez,https://amazon.com//gp/profile/amzn1.account.AENZK4GVEQJZY6N3K3HMYJESFEJA/ref=cm_cr_arp_d_gw_btm?ie=UTF8,True
Apple AirPods Charging Latest Model,Best Wireless Earbuds,I’ve had these airpods for around two years now and have never regretted buying them once. I use them basically everyday with all my devices and have never had a problem. The battery lasts me a few days and I rarely have to charge them.,5.0 out of 5 stars,"October 19, 2022",Sarah,https://amazon.com//gp/profile/amzn1.account.AEFFY3IVMOP7LUVHFINWBTRGLYGQ/ref=cm_cr_arp_d_gw_btm?ie=UTF8,True
Apple AirPods Charging Latest Model,They work good at the battery life was longer,They work fine for me. They just needed to have the battery life longer.,5.0 out of 5 stars,"October 19, 2022",Terrilynn W.,https://amazon.com//gp/profile/amzn1.account.AFO2ILK5LQS3WX7NLVTJ3PH5YE4A/ref=cm_cr_arp_d_gw_btm?ie=UTF8,True
Apple AirPods Charging Latest Model,Happy Grandson,Gift for my grandson he seems extremely happy with them.,5.0 out of 5 stars,"October 19, 2022",Kelli Florey,https://amazon.com//gp/profile/amzn1.account.AFH5LNDH6DXROBZZQ6QX2PBEGNFA/ref=cm_cr_arp_d_gw_btm?ie=UTF8,True
Apple AirPods Charging Latest Model,Good,"It's pretty good, but I was expecting something better from an apple product.",4.0 out of 5 stars,"October 19, 2022",MARCELO CAMPOS,https://amazon.com//gp/profile/amzn1.account.AGR5XWHQZF6QDNA5XYSKVNCO4NRQ/ref=cm_cr_arp_d_gw_btm?ie=UTF8,True
Apple AirPods Charging Latest Model,Do these fit your ears?,If you have a small ear canal these may not fit in properly.,3.0 out of 5 stars,"October 19, 2022",polyrep,https://amazon.com//gp/profile/amzn1.account.AG7WCECJ2GLAGGJ4K6V3EIBP44JA/ref=cm_cr_arp_d_gw_btm?ie=UTF8,True
Apple AirPods Charging Latest Model,Purchased 7 months ago and one doesn’t charge,I purchased these in March 2022 and the left earbud is no longer working only seven months later.,1.0 out of 5 stars,"October 19, 2022",Lola’s mom,https://amazon.com//gp/profile/amzn1.account.AEZATEJKZ2NRF7ZYA3XAVAYAPQZA/ref=cm_cr_arp_d_gw_btm?ie=UTF8,True
Apple AirPods Charging Latest Model,"Very good shopping experience, fast delivery, excellent sound quality of earphones","Very good shopping experience, fast delivery, excellent sound quality of earphones",5.0 out of 5 stars,"October 19, 2022",wangweiwei,https://amazon.com//gp/profile/amzn1.account.AHSVXC2VWUXUV6WOEN3FEP5UCPEQ/ref=cm_cr_arp_d_gw_btm?ie=UTF8,True
Apple AirPods Charging Latest Model,Only last a few months,I bought these in march and they only lasted 7 months it starts to have a choppy sound like it’s going out and I take very good of my electronics. Don’t waist your money bc they will not last long,1.0 out of 5 stars,"October 19, 2022",Sofia ,https://amazon.com//gp/profile/amzn1.account.AEFHFYDMWOLB2N6GIEKEQNYRKNBA/ref=cm_cr_arp_d_gw_btm?ie=UTF8,True
Apple AirPods Charging Latest Model,Happy,Love my AirPods very convenient,5.0 out of 5 stars,"October 19, 2022",Ashley,https://amazon.com//gp/profile/amzn1.account.AG46NZ4XJCKO4NRNO5AQ7ILHDBKQ/ref=cm_cr_arp_d_gw_btm?ie=UTF8,True
Apple AirPods Charging Latest Model,only worked on right ear,SECOND pair that only work on right ear.  Just don't want to return them again ...going to best buy to buy another pair.,2.0 out of 5 stars,"October 19, 2022",Kindle Customer,https://amazon.com//gp/profile/amzn1.account.AGDS6O65SOZN3DQLFCXVRTCAN7LQ/ref=cm_cr_arp_d_gw_btm?ie=UTF8,True
Apple AirPods Charging Latest Model,They do not work,They do not work,1.0 out of 5 stars,"October 19, 2022",Amanda J.,https://amazon.com//gp/profile/amzn1.account.AEYF7O4OOEDPR2PMQDS3QY23L46Q/ref=cm_cr_arp_d_gw_btm?ie=UTF8,True
Apple AirPods Charging Latest Model,Great AirPods,Great AirPods,5.0 out of 5 stars,"October 19, 2022",Feyadia Washington,https://amazon.com//gp/profile/amzn1.account.AHGDX6EM5GWG4YKV6Y7AM5YQOTYA/ref=cm_cr_arp_d_gw_btm?ie=UTF8,True
Apple AirPods Charging Latest Model,These are Awesome!!,Personal,5.0 out of 5 stars,"October 19, 2022",Pamela E. Jordan,https://amazon.com//gp/profile/amzn1.account.AEFISCV6KZA5FE5AJ5OMIRFQHJ6A/ref=cm_cr_arp_d_gw_btm?ie=UTF8,True
Apple AirPods Charging Latest Model,Great,Good job,5.0 out of 5 stars,"October 19, 2022",Ajiri,https://amazon.com//gp/profile/amzn1.account.AFPP4MA4JDS5R242CCT2UTYS7GTQ/ref=cm_cr_arp_d_gw_btm?ie=UTF8,True
Apple AirPods Charging Latest Model,Great,Nothing bettet,5.0 out of 5 stars,"October 19, 2022",Whendy,https://amazon.com//gp/profile/amzn1.account.AGLJMYN7BAKC2MJ5UDHUHMT55HPA/ref=cm_cr_arp_d_gw_btm?ie=UTF8,True
Apple AirPods Charging Latest Model,Nothing like I thought it would be.,The battery life really sucks on these. After like 2.5-3 hours it’s telling you to charge it.Glad I got them on sale defintely wasn’t worth full price at all,3.0 out of 5 stars,"October 18, 2022",bri,https://amazon.com//gp/profile/amzn1.account.AE2J47XSH2J4ERJ65MOXVHQ6T5ZQ/ref=cm_cr_arp_d_gw_btm?ie=UTF8,True
Apple AirPods Charging Latest Model,Very reliable,I love my AirPods,5.0 out of 5 stars,"October 18, 2022",Hakeema,https://amazon.com//gp/profile/amzn1.account.AE4JN3FDNB4NHO4OI7QPZPCGND5A/ref=cm_cr_arp_d_gw_btm?ie=UTF8,True
Apple AirPods Charging Latest Model,Not the 2nd gen,These are advertised as the 2nd gen. They are indeed not the 2nd gen airpods.,1.0 out of 5 stars,"October 18, 2022",Lance,https://amazon.com//gp/profile/amzn1.account.AEJEE6LNBLAUVNICEW6QTKCGT5EQ/ref=cm_cr_arp_d_gw_btm?ie=UTF8,True
Apple AirPods Charging Latest Model,they’re great.,the battery last me all day when I’m working!,5.0 out of 5 stars,"October 18, 2022",Zachary Pinkham-Johnson,https://amazon.com//gp/profile/amzn1.account.AHDFDZECEQDDDOFYSXCYK3IOSAOA/ref=cm_cr_arp_d_gw_btm?ie=UTF8,True
Apple AirPods Charging Latest Model,Great!,As expected these are great earbuds,5.0 out of 5 stars,"October 18, 2022",Amazon Customer,https://amazon.com//gp/profile/amzn1.account.AG4B4QAABALZH2PCWMU2CTEUIB7Q/ref=cm_cr_arp_d_gw_btm?ie=UTF8,True
Apple AirPods Charging Latest Model,Raised Plastic On AirPods,"The media could not be loaded.
                



 I Ordered These During Prime Deals A Week Ago. My First Issue Was The Connectivity. Says It’s Connected But Sound Still Plays From My iPhone, Weird Right? The Second Issue Was The Right AirPod Has Raised Plastic That Cut My Ear & Caused Bleeding.(Didn’t Know I Was Cut Nor Bleeding Until I Removed The AirPod & Saw Blood) I Was Hoping For A Replacement Bc I Really Need Them But Sadly Amazon Is Refusing & Only Offering Me A Full Refund & Not Going To Honor My Repurchase At The Original Prime Sale Price. !DO NOT RECOMMEND!",1.0 out of 5 stars,"October 18, 2022",ItsMai!,https://amazon.com//gp/profile/amzn1.account.AETBCTJWNL4FCH2P6W7564WRGKIA/ref=cm_cr_arp_d_gw_btm?ie=UTF8,True
Apple AirPods Charging Latest Model,Wife loves them more than anything.,She loves them so much she has them in constantly. She never hears me when I’m talking to her. I tend to scare her when I walk into a room and she doesn’t hear me.,5.0 out of 5 stars,"October 18, 2022",gerrit,https://amazon.com//gp/profile/amzn1.account.AEMEKCRWHQVVQZAMNYVNQ4J7ROXA/ref=cm_cr_arp_d_gw_btm?ie=UTF8,True
Apple AirPods Charging Latest Model,Good,Item was of the most unrivaled quality! Fast delivery.,5.0 out of 5 stars,"October 18, 2022",jefri,https://amazon.com//gp/profile/amzn1.account.AE3PXABNGMIMJKCWQHPDXJTLTPAQ/ref=cm_cr_arp_d_gw_btm?ie=UTF8,True
Apple AirPods Charging Latest Model,High quality sound but falls out to easy.,No,4.0 out of 5 stars,"October 18, 2022",Amazon Customer,https://amazon.com//gp/profile/amzn1.account.AFOGU67U3EG7PJTK22UJ74RGTHYA/ref=cm_cr_arp_d_gw_btm?ie=UTF8,True
Apple AirPods Charging Latest Model,Definitely good buy,I’m sick I lost these but ima buy some more they bomb,5.0 out of 5 stars,"October 18, 2022",kierra,https://amazon.com//gp/profile/amzn1.account.AETKQFLU7F7QJ5YUXUSYWZKYRS2A/ref=cm_cr_arp_d_gw_btm?ie=UTF8,True
Apple AirPods Charging Latest Model,Nice ear buds,My daughter loves them. They are the real deal.,5.0 out of 5 stars,"October 18, 2022",Broomfield_CO,https://amazon.com//gp/profile/amzn1.account.AGZCBF64EB6BQLCUGFEYHYN6KGEA/ref=cm_cr_arp_d_gw_btm?ie=UTF8,True
Apple AirPods Charging Latest Model,A day late on shipping but i still Love them!,I love my AirPods they were a day late on the shipping but i wojt hold thst against them as i dont fully understand the shipping process nontheless they have great sound quality i love the battery life.,5.0 out of 5 stars,"October 18, 2022",shaahp,https://amazon.com//gp/profile/amzn1.account.AER74AK666NYKRK3TGJGSUIHXISQ/ref=cm_cr_arp_d_gw_btm?ie=UTF8,True
Apple AirPods Charging Latest Model,They are legit.,"They work, connected, and looked authentic. Wish I got these for $90 back then, but they’re a solid price for a solid pair of earbuds.",5.0 out of 5 stars,"October 18, 2022",Edgar Aleman,https://amazon.com//gp/profile/amzn1.account.AG2FZKAJG4KBDTH7XCUW5JAU4NTA/ref=cm_cr_arp_d_gw_btm?ie=UTF8,True
Apple AirPods Charging Latest Model,Garbage,Dead in less then a year.  Problems began fast and never ended.  Sound awful. Now the most I can get is a whisper.,1.0 out of 5 stars,"October 18, 2022",Rock Chick,https://amazon.com//gp/profile/amzn1.account.AFYKHFATFWDCLERLKLV4QOI2PPEA/ref=cm_cr_arp_d_gw_btm?ie=UTF8,True
Apple AirPods Charging Latest Model,Awesome,"My son loves these.  Auto pause for audio, and they verbalize your text messages.  My son utilizes these with his iPhone 11 Pro.",5.0 out of 5 stars,"October 17, 2022",WHJE**,https://amazon.com//gp/profile/amzn1.account.AGVXX7VSUUK7TILYBIZ5674ZQJ4A/ref=cm_cr_arp_d_gw_btm?ie=UTF8,True
Apple AirPods Charging Latest Model,Not that loud,Didn't last long,5.0 out of 5 stars,"October 17, 2022",Amazon Customer,https://amazon.com//gp/profile/amzn1.account.AFOI632ZFBJ6OOAFYVE5ZFX66EFQ/ref=cm_cr_arp_d_gw_btm?ie=UTF8,True
Apple AirPods Charging Latest Model,Headphones were filthy,I understand I brought a renewed pair of AirPods but the amount of ear wax and dirt in them made me sick to my stomach. It was very hard to clean them to give to someone as a gift,3.0 out of 5 stars,"October 17, 2022",Tianca,https://amazon.com//gp/profile/amzn1.account.AHSLN5Y3EX5LNUYVE326Q55CPSNQ/ref=cm_cr_arp_d_gw_btm?ie=UTF8,True
Apple AirPods Charging Latest Model,Good,I like them but there’s better ones.,4.0 out of 5 stars,"October 17, 2022",Giuliana Duran,https://amazon.com//gp/profile/amzn1.account.AFZORU675CSM2SY7EJ6FQUYJPGSA/ref=cm_cr_arp_d_gw_btm?ie=UTF8,True
Apple AirPods Charging Latest Model,Easy to use,Very pleased!,5.0 out of 5 stars,"October 17, 2022",Mike M.,https://amazon.com//gp/profile/amzn1.account.AE3GODTR3XROZQIICR5HVVJGIAEA/ref=cm_cr_arp_d_gw_btm?ie=UTF8,True
Apple AirPods Charging Latest Model,Air Ear buds,this is great to speak to someone hands free,5.0 out of 5 stars,"October 17, 2022",T Mur,https://amazon.com//gp/profile/amzn1.account.AEOFTUYTEMDNMUH2TZ2VAJLLTN7A/ref=cm_cr_arp_d_gw_btm?ie=UTF8,True
Apple AirPods Charging Latest Model,Not good,"Did not work, would not charge or connect with my phone",1.0 out of 5 stars,"October 17, 2022",iluvbirth,https://amazon.com//gp/profile/amzn1.account.AH2FNIESFPIY6WUFBZCAMGZWL32A/ref=cm_cr_arp_d_gw_btm?ie=UTF8,True
Apple AirPods Charging Latest Model,AirPods,My first pair of wireless headphones. Didn’t disappoint.,5.0 out of 5 stars,"October 17, 2022",Christian Wauchope,https://amazon.com//gp/profile/amzn1.account.AEKITC25OX26B2O7GVUBEZH4Y33Q/ref=cm_cr_arp_d_gw_btm?ie=UTF8,True
Apple AirPods Charging Latest Model,Top Quality,Genuine Apple Prodcut. Great Quality. Work great!,5.0 out of 5 stars,"October 17, 2022",Tony Fusco,https://amazon.com//gp/profile/amzn1.account.AHDTPASGJ24JQ6XP5XY3INHSMR5Q/ref=cm_cr_arp_d_gw_btm?ie=UTF8,True
Apple AirPods Charging Latest Model,Is great,Is an excellent item.100%,5.0 out of 5 stars,"October 17, 2022",javier,https://amazon.com//gp/profile/amzn1.account.AEKGKYA6C6R7HXIOX35PUG5MEXHA/ref=cm_cr_arp_d_gw_btm?ie=UTF8,True
Apple AirPods Charging Latest Model,"Amazing Sound Quality, Good Battery Life","The sound quality on these are very nice, unfortunately the battery is not as lasting as i’d like them to be.",5.0 out of 5 stars,"October 17, 2022",Richie,https://amazon.com//gp/profile/amzn1.account.AHK2MWEK442KODY5EQ7AZMNSJUHQ/ref=cm_cr_arp_d_gw_btm?ie=UTF8,True
Apple AirPods Charging Latest Model,Can't believe these stay in my ears!!,"I've stayed away from ear buds and anything that is supposed to ""fit"" in my ears. I decided to try these because of the design and was amazed that they fit, stayed in and were comfortable to wear! LOVE THEM",5.0 out of 5 stars,"October 17, 2022",Medical Billing Pro,https://amazon.com//gp/profile/amzn1.account.AHOVG6DNKLFHPJ76LKWA3HGJISVQ/ref=cm_cr_arp_d_gw_btm?ie=UTF8,True
Apple AirPods Charging Latest Model,They hurt.  Too big lol for my ears and I am an adult,"I M an adult,  they are too big,  ears hurt",1.0 out of 5 stars,"October 17, 2022",Lawrence L. Wade,https://amazon.com//gp/profile/amzn1.account.AFX6SDELGCUA4FDG7CX2URJAQACQ/ref=cm_cr_arp_d_gw_btm?ie=UTF8,True
Apple AirPods Charging Latest Model,Love them!!! Cheaper than the apple store but its the exact same product!!,I loved how quickly it came and how cheap they are. It gives you a choice for over night shipping and i got them the very next day I would definitely recommend getting them!!,5.0 out of 5 stars,"October 17, 2022",Terra Woodson ,https://amazon.com//gp/profile/amzn1.account.AENA5J5V4CLAF2RU23L2L63T7F3A/ref=cm_cr_arp_d_gw_btm?ie=UTF8,True
Apple AirPods Charging Latest Model,Authentic,Great ear buds and they are authentic.,5.0 out of 5 stars,"October 17, 2022",Ross Lesznar,https://amazon.com//gp/profile/amzn1.account.AF3X4CWPRMCLPB54B4GMOT3XSW7A/ref=cm_cr_arp_d_gw_btm?ie=UTF8,True
Apple AirPods Charging Latest Model,Prefer these to the newer ones,"I prefer these to the newer ones, because they don’t fall from my ears.",5.0 out of 5 stars,"October 16, 2022",Pamela Cardozo,https://amazon.com//gp/profile/amzn1.account.AHBJAAPR42WENOJ3ZA4OVEUDF3BQ/ref=cm_cr_arp_d_gw_btm?ie=UTF8,True
Apple AirPods Charging Latest Model,Great,They are perfect,5.0 out of 5 stars,"October 16, 2022",Nay,https://amazon.com//gp/profile/amzn1.account.AEN3OJTAEXDOY7N4ZAKT7AIDC76A/ref=cm_cr_arp_d_gw_btm?ie=UTF8,True
Apple AirPods Charging Latest Model,Unhappy,They either had dirt or ear wax on them when open. Only left one work.,1.0 out of 5 stars,"October 16, 2022",Tonya Conn,https://amazon.com//gp/profile/amzn1.account.AFX3Q6D7KIAUSS32LKHWZMSKXZWA/ref=cm_cr_arp_d_gw_btm?ie=UTF8,True
Apple AirPods Charging Latest Model,Box didn’t wrapped and it was already open and case cover was losses.,,1.0 out of 5 stars,"October 16, 2022",Ajay,https://amazon.com//gp/profile/amzn1.account.AEMBX24G5Z5YGXTERM2O56B3EP3Q/ref=cm_cr_arp_d_gw_btm?ie=UTF8,True
Apple AirPods Charging Latest Model,I would drop the connection every time I connect to my phone,Didn’t like it at all,1.0 out of 5 stars,"October 16, 2022",Mazharul,https://amazon.com//gp/profile/amzn1.account.AFCWRB3A5GX5DO7L647666BPTMZA/ref=cm_cr_arp_d_gw_btm?ie=UTF8,True
Apple AirPods Charging Latest Model,Cool,They started working fine gave me a few problems but the sound it’s really low or idk I js gotta order a different pair,1.0 out of 5 stars,"October 16, 2022",Tiffany,https://amazon.com//gp/profile/amzn1.account.AGEPWGBISXZVBFIL27GFHNTIJE5A/ref=cm_cr_arp_d_gw_btm?ie=UTF8,True
Apple AirPods Charging Latest Model,Bad purchase. Broken.,Had to reorder these. The first pair the earbud on right ear did not work.,1.0 out of 5 stars,"October 16, 2022",John Dentremont,https://amazon.com//gp/profile/amzn1.account.AGGGRDH7TENNTPRWYWZFU2NUWKTQ/ref=cm_cr_arp_d_gw_btm?ie=UTF8,True
Apple AirPods Charging Latest Model,AirPods are basic,The air pods like to go quiet in the right ear often,5.0 out of 5 stars,"October 16, 2022",Abram,https://amazon.com//gp/profile/amzn1.account.AFZLOM6HKSKF6HY5LEOLDUKEHVPQ/ref=cm_cr_arp_d_gw_btm?ie=UTF8,True
Apple AirPods Charging Latest Model,Ok,Ok,2.0 out of 5 stars,"October 16, 2022",Tommy lee,https://amazon.com//gp/profile/amzn1.account.AHAVKHB6B5CQYNJZVTBGANN63C7A/ref=cm_cr_arp_d_gw_btm?ie=UTF8,True
Apple AirPods Charging Latest Model,Hyped.,"What did you listen to before you bought these? Apple did not invent sound, they have a short track record in making them, in-ear wireless has been around for a long time before Apple numped on the bandwagon. Why is everyone so impressed? Because they haven’t bothered to try real audio brands. Keeping buying your junk.",1.0 out of 5 stars,"October 16, 2022",Dirk,https://amazon.com//gp/profile/amzn1.account.AEXRPX56Z4AFHPIC75CYAKEGQ6FA/ref=cm_cr_arp_d_gw_btm?ie=UTF8,False
Apple AirPods Charging Latest Model,Great hands free talking and the music sounds awesome,Great hands free talking and the music sounds awesome,5.0 out of 5 stars,"October 16, 2022",Reloader,https://amazon.com//gp/profile/amzn1.account.AHP7UJ6GBIBEHCOS26XIUVBP7SHQ/ref=cm_cr_arp_d_gw_btm?ie=UTF8,True
Apple AirPods Charging Latest Model,Great for music only,"While I really like the music experience I found out the hard way they are horrible for talking on the phone. I called my wife from Best Buy and she could hear: store music, the sales man helping a lady, kids talking, etc. If I am walking and listening to music they are great but if I get a call and answer, the other end hears the cars go by, barking dogs, etc.",3.0 out of 5 stars,"October 16, 2022",Amazon Customer,https://amazon.com//gp/profile/amzn1.account.AEPARJUW5YCUNXTB57GD3RKMNTZA/ref=cm_cr_arp_d_gw_btm?ie=UTF8,False
PlayStation 5 Console,Worth the wait!,"After looking for almost a year, and waiting months for an invite to purchase, I was able to order the PS5 disc edition and I cannot be more pleased.  I picked up Sackboy: A Big Adventure and Ratchet & Clank Rift Apart to start my library, and both are more than impressive.  The system is easy to set up, and the resolution is incredible, even on a non-4K television.  I am using a 1080p LG oled and the picture and frame rate is magnificent.  When I upgrade TV's later on, I can only imagine the difference.",5.0 out of 5 stars,"October 23, 2022",W. R. Nichols Jr.,https://amazon.com//gp/profile/amzn1.account.AF6Y3L62ZWPNMFCHFRVGH4DBNCVA/ref=cm_cr_arp_d_gw_btm?ie=UTF8,True
PlayStation 5 Console,Two years worth the wait,I’ve been waiting two years to get this. Signed up for amazons invitation system and got it four months later. Glad I did,5.0 out of 5 stars,"October 22, 2022",Jason Wilkinson,https://amazon.com//gp/profile/amzn1.account.AHOSXLNBQZXOL5SBARWAUR6DZLZQ/ref=cm_cr_arp_d_gw_btm?ie=UTF8,False
PlayStation 5 Console,Defective Product,Purchased this as a gift for my family and because it's outside the return window I can't get any support.  I followed all steps the Ps5 turns on but will not show anything on my TV. I have all cables run correctly and still nothing.  Waste of a lot of money. I have been a PS user since PS1 and my loyalty is done after this. I have a $600 paperweight,1.0 out of 5 stars,"October 20, 2022",Kyle,https://amazon.com//gp/profile/amzn1.account.AE5AJ2KH6BIWOV7ZJOPVM3ZHQ3YQ/ref=cm_cr_arp_d_gw_btm?ie=UTF8,True
PlayStation 5 Console,Worth it,"100% worth the purchase. Took me almost a year to procure but I’m so happy I didn’t settle. I don’t know how much faster than the PS4, but it blows it out of the water. It’s more than a “glorified streaming device”",5.0 out of 5 stars,"October 20, 2022",Megan Khan,https://amazon.com//gp/profile/amzn1.account.AF6X2GJWQYIK5M7QWRR6J5FSSBEA/ref=cm_cr_arp_d_gw_btm?ie=UTF8,True
PlayStation 5 Console,Very Playstationey!,"This thing plays PS5 games like a MONSTER! It's the real deal! The only downside is the controller battery charge duration is equivalent to a 3oz canteen on a July Death Valley survival hike.Bonus:  it does play most (not all) PS4 games, so you don't need to trash all your antique retro games like Anthem.",4.0 out of 5 stars,"October 19, 2022",Bill C,https://amazon.com//gp/profile/amzn1.account.AF5YFFVPYHDN62JXXXRBDEI3QQ2Q/ref=cm_cr_arp_d_gw_btm?ie=UTF8,True
PlayStation 5 Console,My brand new ps5,"Loved the console, loved the shipping and handling. Amazon is the best for buying and shipping items and this is where I shop at for now on.",5.0 out of 5 stars,"October 19, 2022",Victor Macias,https://amazon.com//gp/profile/amzn1.account.AEVZKA6WIOYQWTPER4JRTOSNJGTQ/ref=cm_cr_arp_d_gw_btm?ie=UTF8,True
PlayStation 5 Console,ITS AMAZING,i purchased it off amazon during 2020 and it’s been amazing ever since I have no regrets and if you can get your hands on one do it!!!!,5.0 out of 5 stars,"October 18, 2022",josh,https://amazon.com//gp/profile/amzn1.account.AE5QA67V3MPJF3LB2AJPYYMZQUNA/ref=cm_cr_arp_d_gw_btm?ie=UTF8,False
PlayStation 5 Console,Controller drift,Controller lasted three months and then it started having drift. It is totally useless now and trying to contact Sony for a warranty replacement will take you hours waiting on the phone.,2.0 out of 5 stars,"October 18, 2022",Dizzle,https://amazon.com//gp/profile/amzn1.account.AGNTVE7X4N7UPH632AIHSQIWW4MA/ref=cm_cr_arp_d_gw_btm?ie=UTF8,True
PlayStation 5 Console,Amazing once I was finally able to get one,"Love the console, only hard part was actually finding it in stock",5.0 out of 5 stars,"October 18, 2022",John B,https://amazon.com//gp/profile/amzn1.account.AHTWH5J32FK4SVVBXOYGAJFK7C3Q/ref=cm_cr_arp_d_gw_btm?ie=UTF8,True
PlayStation 5 Console,You can go pick up the latest Xbox at your local store right now,Garbage,1.0 out of 5 stars,"October 17, 2022",nick handford,https://amazon.com//gp/profile/amzn1.account.AHGPDMCPTGZ3OWQWBKK6TERZ27XA/ref=cm_cr_arp_d_gw_btm?ie=UTF8,False
PlayStation 5 Console,GOOD BUY,SO FAR SO GOOD!,5.0 out of 5 stars,"October 15, 2022",P.L.,https://amazon.com//gp/profile/amzn1.account.AG554B4O3KQBGYV6GDM6ODHAIWKQ/ref=cm_cr_arp_d_gw_btm?ie=UTF8,True
PlayStation 5 Console,Special invite is a scam,"There is always something wrong with the process, by the time you get through the hurdles they are all been reserved/sold out. I've gotten mine throughout other means, it's a serviceable piece of hardware. If Sony made all games available to PC I wouldn't even be thinking about buying one.",1.0 out of 5 stars,"October 14, 2022",Guarionex,https://amazon.com//gp/profile/amzn1.account.AE2SZQCGWXGWGZUBC2XD4PUK3WJA/ref=cm_cr_arp_d_gw_btm?ie=UTF8,False
PlayStation 5 Console,Awesome upgrade from the PS4,"I was on the wait-list for quite a long time but it was worth it. My son had a huge smile for his very late birthday gift (maybe early Christmas gift?)! Very quick load times and just a great system. Gran Turismo is very fun, highly recommend it!",5.0 out of 5 stars,"October 13, 2022",Tom G.,https://amazon.com//gp/profile/amzn1.account.AEF3ZDNLMIIHC6Q5EQAOAZQV4LJQ/ref=cm_cr_arp_d_gw_btm?ie=UTF8,True
PlayStation 5 Console,Couldn’t be more happy with this purchase,Arrived exactly as it should 👏,5.0 out of 5 stars,"October 12, 2022",Gabe A,https://amazon.com//gp/profile/amzn1.account.AG2MPKTLQC32Z4QRCG2ORK3CELRQ/ref=cm_cr_arp_d_gw_btm?ie=UTF8,True
PlayStation 5 Console,"The Playstation 4, 2. yawn",was hoping to see some actual progress with this generation of consoles but this is a joke,1.0 out of 5 stars,"October 11, 2022",Patrick Katon,https://amazon.com//gp/profile/amzn1.account.AEMW624SGISM2GHXOM6QWGHZP6JQ/ref=cm_cr_arp_d_gw_btm?ie=UTF8,False
PlayStation 5 Console,PlayStation 5,I love my PS5. Lost my 1st one to damage and was lucky to score a 2nd on Amazon!!!,5.0 out of 5 stars,"October 11, 2022",William Anthony,https://amazon.com//gp/profile/amzn1.account.AE5LX3O636UAXTFVHOISVAIDU2HQ/ref=cm_cr_arp_d_gw_btm?ie=UTF8,True
PlayStation 5 Console,p5 is the best console in the whole world,loved it playing at 4k on my giant 85 inch sony bravia that i bought from amazon too. Thanks amazon i love you and sony. Fr fr tho no cap bring back the regular drops. i dont like this invite thing,4.0 out of 5 stars,"October 9, 2022",el negron,https://amazon.com//gp/profile/amzn1.account.AHW3CGA6EDLTOIOLA4CAVXX7NT7A/ref=cm_cr_arp_d_gw_btm?ie=UTF8,True
PlayStation 5 Console,Worth the wait,Great graphics!!,5.0 out of 5 stars,"October 9, 2022",Abby,https://amazon.com//gp/profile/amzn1.account.AEHKHKOS2ST2G32KUIJI3MG4D25Q/ref=cm_cr_arp_d_gw_btm?ie=UTF8,True
PlayStation 5 Console,Bang for the Buck!,To be able to play in 4k and more fps. It's definitely a huge upgrade from playing on my PS4 and everything just felt more smooth and felt more in-depth when playing a game like spiderman.,5.0 out of 5 stars,"October 9, 2022",gearmetal23,https://amazon.com//gp/profile/amzn1.account.AHZ44PXWC62OCBIG4RVFKBX4OMNA/ref=cm_cr_arp_d_gw_btm?ie=UTF8,True
PlayStation 5 Console,PlayStation Store,I just got mine from the PlayStation store,2.0 out of 5 stars,"October 7, 2022",Cesar_Medina,https://amazon.com//gp/profile/amzn1.account.AFWVXINCIN6LWRUGVPPHZKLVRR4A/ref=cm_cr_arp_d_gw_btm?ie=UTF8,False
PlayStation 5 Console,Real deal,"Had to wait for an invite, but Worth it not over paying for PS5",5.0 out of 5 stars,"October 7, 2022",Matthew Choiniere,https://amazon.com//gp/profile/amzn1.account.AGLJLQVJGQCLDDPFKR4PL2U6MVUQ/ref=cm_cr_arp_d_gw_btm?ie=UTF8,True
PlayStation 5 Console,Best Playstation Ever Made!,"This is the best Playstation ever made, and almost impossible to buy. The graphics and gameplay is stunning!",5.0 out of 5 stars,"October 7, 2022",Jared Quass,https://amazon.com//gp/profile/amzn1.account.AFYTUQYWBBB7SP3CGVWDWMENBI2A/ref=cm_cr_arp_d_gw_btm?ie=UTF8,True
PlayStation 5 Console,Finally!!!,"After two years of searching and months being on the Amazon waitlist…I got the email to purchase a PS5! Love the console. It’s bigger than I thought it would be, but it’s super quite and fast. I loved that all the games I had in the cloud could be retrieved on here and all of my saves moved over. That took about 2 hours, but it was well worth it. I’ve been using for a few mo that now and the white controller is still as bright as it was out of the box. I was nervous with it being white, it would show dirty hand/sweat/dirt markings, but so far that has not been the case. So happy I was able to finally get a system and enjoy the new games coming out with the graphics and speed that the game designers envisioned when they made it!",5.0 out of 5 stars,"October 7, 2022",Sara,https://amazon.com//gp/profile/amzn1.account.AG7VJ6MRXABA7SHIYBMSPEAQBZEQ/ref=cm_cr_arp_d_gw_btm?ie=UTF8,True
PlayStation 5 Console,Very good console,"This console works very good and have no problems with the seller, but I think my series x might be better in terms of games.",5.0 out of 5 stars,"October 7, 2022",Logan,https://amazon.com//gp/profile/amzn1.account.AHGWU2RHSW6CKKQVR66OZYLLIKCQ/ref=cm_cr_arp_d_gw_btm?ie=UTF8,True
PlayStation 5 Console,Muy buen equipo,Muy buen equipo...gracias x la invitación,5.0 out of 5 stars,"October 6, 2022",Diego Salazar Dillon,https://amazon.com//gp/profile/amzn1.account.AG35OLYZB7UQEXW4T62GFJD7L5BA/ref=cm_cr_arp_d_gw_btm?ie=UTF8,True
PlayStation 5 Console,Hdmi issues,"Product worked fine for 6 months, switched the console to a different tv and lost hdmi signal..had to be sent in for repairs",4.0 out of 5 stars,"October 6, 2022",Harlee,https://amazon.com//gp/profile/amzn1.account.AHVMZSXFRTQURGMCDCJGGY4ONLPA/ref=cm_cr_arp_d_gw_btm?ie=UTF8,True
PlayStation 5 Console,Incredible quality,"This console is hands down the most incredible console ever. The overall quality, the small details all over, the performance, the graphical user interface, it’s all incredible and is a great representation of the future of console gaming!",5.0 out of 5 stars,"October 5, 2022",LJ W.,https://amazon.com//gp/profile/amzn1.account.AEYRTF6AH27EMNDWPHSQOARRIMZA/ref=cm_cr_arp_d_gw_btm?ie=UTF8,False
PlayStation 5 Console,PlayStation,I have tried three time to get an invite and still nothing,1.0 out of 5 stars,"October 1, 2022",Malinda A.,https://amazon.com//gp/profile/amzn1.account.AG5ZBI3BQQCAUDXOTSNO3IH62NQQ/ref=cm_cr_arp_d_gw_btm?ie=UTF8,False
PlayStation 5 Console,Why sony,"This system cost a arm an a leg, and the controller is $80 plus. I just got this system June or July. My controller has joystick drift now and I don't play shooters on my console. It's not dirt in the controller, I've done all the troubleshooting I can do without opening the controller myself. Why does a $80 controller have drift problems. Sony makes no sense. I've had my ps4 controller from launch and it still works perfectly. No drift no problems",1.0 out of 5 stars,"October 1, 2022",My reviews get flagged for no reason,https://amazon.com//gp/profile/amzn1.account.AEJMJ3OL36NRQAKZL3VU6S6L4ACA/ref=cm_cr_arp_d_gw_btm?ie=UTF8,True
PlayStation 5 Console,Love it,Very nice console,5.0 out of 5 stars,"October 1, 2022",sillyguyy1970,https://amazon.com//gp/profile/amzn1.account.AEADEJFJ4B5LVX5KATXUNSWCUHYA/ref=cm_cr_arp_d_gw_btm?ie=UTF8,True
PlayStation 5 Console,took me forever to get this!!,so happy that i was finally able to get a ps5!!! i play a lot of smite so Idon't really need it but everything loads really fast!,5.0 out of 5 stars,"September 30, 2022",Brittany Ri,https://amazon.com//gp/profile/amzn1.account.AEWWOCVSYZABIWC53G5XR2A7D6YA/ref=cm_cr_arp_d_gw_btm?ie=UTF8,True
PlayStation 5 Console,Very Nice!,In love with this console. Can’t recommend it more it’s the best money I ever spent,5.0 out of 5 stars,"September 30, 2022",Spencer Elliott,https://amazon.com//gp/profile/amzn1.account.AESHWT2JQ6P5Q2NVSEC7T7A3ZEOQ/ref=cm_cr_arp_d_gw_btm?ie=UTF8,True
PlayStation 5 Console,Exactly as advertised,Put in you invitation request it only took 4 months,5.0 out of 5 stars,"September 30, 2022",mikeheral,https://amazon.com//gp/profile/amzn1.account.AFCVWARSBXCNUEAKYQ5SSER4PNVA/ref=cm_cr_arp_d_gw_btm?ie=UTF8,True
PlayStation 5 Console,"Extremely low quality, buyer beware","It took me two years to get a ps5, which I finally obtained directly from Sony through an invitation only program.  Less than a week later, it was already refusing to turn on and/or connect to my Sony Bravia tv.  The troubleshooting process is worse than useless, as the console only communicates through lights on the chassis, and my typical pattern — blue, flashing white, solid white, orange, nothing — doesn’t even appear in the user manual.  Rebuilding the database, safe mode, none of them did a thing.  This is a $500 machine that is less reliable and much uglier than my $20 alarm clock.  The chassis even feels cheap, like a poorly designed blender.  I own every PlayStation all the way back to the PS1, and all of them still work great to this day — except the one I got last week.  Sony support is also useless, and tried to connect me to another PlayStation user to talk about my problem — a non employee!  The entire thing feels like a scam, and I have lost a huge amount of respect and goodwill for this company.  They have no idea what they are doing, and no plans to figure it out.",1.0 out of 5 stars,"September 30, 2022",Yossarian,https://amazon.com//gp/profile/amzn1.account.AFZAJ35TQ2L34XLMGCDD3XUIS7YA/ref=cm_cr_arp_d_gw_btm?ie=UTF8,False
PlayStation 5 Console,Amazing,So much fun!,5.0 out of 5 stars,"September 30, 2022",joshua,https://amazon.com//gp/profile/amzn1.account.AFNGYATR6UEPD3SD4PAWDGZ6AJTA/ref=cm_cr_arp_d_gw_btm?ie=UTF8,True
PlayStation 5 Console,Great Machine,Very good next gen system.  Fast loading times and wonderful graphics to boot.  Very happy that I made this purchase!!,5.0 out of 5 stars,"September 29, 2022",Decipher G,https://amazon.com//gp/profile/amzn1.account.AGZT7J5EPUQ7BPC2BYL4LWPNSUDA/ref=cm_cr_arp_d_gw_btm?ie=UTF8,True
PlayStation 5 Console,Great,Great,5.0 out of 5 stars,"September 28, 2022",Juan,https://amazon.com//gp/profile/amzn1.account.AF4DUNXXI23AROSGVGG2ILIPQYSA/ref=cm_cr_arp_d_gw_btm?ie=UTF8,True
PlayStation 5 Console,Psp better,Yes.,5.0 out of 5 stars,"September 28, 2022",Julian Garcia ,https://amazon.com//gp/profile/amzn1.account.AHKSOGBA5GAWZUOZJGZ4TQYZT2UQ/ref=cm_cr_arp_d_gw_btm?ie=UTF8,True
PlayStation 5 Console,Its great,i got my ps5 from walmart.pros best loading speeding graphics are better. The best part is 98% of all ps4 games are playable.con none yet,5.0 out of 5 stars,"September 26, 2022",Amazon Customer,https://amazon.com//gp/profile/amzn1.account.AEEPBS2VUXAYVHYD3CF42ZATYACA/ref=cm_cr_arp_d_gw_btm?ie=UTF8,False
PlayStation 5 Console,Finally got one and I love it!,"It took a while, but I finally got myself a PS5.  So far, I am loving it.  I have the new PS Plus and have a large library of games to play through that. I heard people say how awesome the controller is, but I wasn't convinced until I tried it for myself.  I love how games can put resistance on the triggers.  It's used in Horizon Forbidden west and it really awesome to feel that feedback/resistance when doing certain actions.",5.0 out of 5 stars,"September 26, 2022",Chris,https://amazon.com//gp/profile/amzn1.account.AE5DPPWLICORTD46X34MCWHG2RPQ/ref=cm_cr_arp_d_gw_btm?ie=UTF8,True
PlayStation 5 Console,Box came super damaged they don’t take care of packages,,1.0 out of 5 stars,"September 26, 2022",Austin walker,https://amazon.com//gp/profile/amzn1.account.AG6H3ACJHPBY6ILU4BYODHJDK4TA/ref=cm_cr_arp_d_gw_btm?ie=UTF8,True
PlayStation 5 Console,Ps5,Much faster than. The ps4 just really big,5.0 out of 5 stars,"September 25, 2022",Emmanuel chavez,https://amazon.com//gp/profile/amzn1.account.AF72CK5IPKJQASPPNNB674DWYQHA/ref=cm_cr_arp_d_gw_btm?ie=UTF8,True
PlayStation 5 Console,Controller Worthless,My controller is already junk. Left analog drifts all the time. Never stays still. I have gone weeks without playing and don’t have much time on the controller at all. What shame!!!!,2.0 out of 5 stars,"September 25, 2022",C.B.,https://amazon.com//gp/profile/amzn1.account.AE2GQXJNZYD6KFNXUQPPUKZZRM6A/ref=cm_cr_arp_d_gw_btm?ie=UTF8,True
PlayStation 5 Console,Excelente!,Ps5 in perfec Condintion !,5.0 out of 5 stars,"September 25, 2022",carlos,https://amazon.com//gp/profile/amzn1.account.AFYDRXSHNEVTQWAME3EPFX6IXUAQ/ref=cm_cr_arp_d_gw_btm?ie=UTF8,True
PlayStation 5 Console,🔥🔥🔥🔥,Once you finally get it… it’s legit. Nothing else to say on this one!,5.0 out of 5 stars,"September 24, 2022",jm,https://amazon.com//gp/profile/amzn1.account.AGUU26DXVTXXL5DF6DJPSLMAZLHA/ref=cm_cr_arp_d_gw_btm?ie=UTF8,True
PlayStation 5 Console,Wow…,"I already have one, I’m just surprised they’re finally available here! Maybe now they’ll focus more on the thing’s performance lol",4.0 out of 5 stars,"September 24, 2022",Crouton,https://amazon.com//gp/profile/amzn1.account.AFV6P5JPU6WGBS2FAKND5IE4IHTA/ref=cm_cr_arp_d_gw_btm?ie=UTF8,False
PlayStation 5 Console,I just set-up the system,I got the item and it's working well. I'm Extremely Enjoying It!,5.0 out of 5 stars,"September 22, 2022",Brandon Jordan,https://amazon.com//gp/profile/amzn1.account.AFVICXNG6FIPGYBQWS6PVSYEDIXQ/ref=cm_cr_arp_d_gw_btm?ie=UTF8,True
PlayStation 5 Console,Espectacular,Total mente increíble,5.0 out of 5 stars,"September 22, 2022",Christian Mendoza Gómez,https://amazon.com//gp/profile/amzn1.account.AFBDDY6S6JJFE52ARLFJX4HCJ3OA/ref=cm_cr_arp_d_gw_btm?ie=UTF8,True
PlayStation 5 Console,Thankful!!!,Love it thanks Amazon I really appreciate it!!!!,5.0 out of 5 stars,"September 22, 2022",Cornell,https://amazon.com//gp/profile/amzn1.account.AGP6WVFO2FFTBO746B4JGA5EW23A/ref=cm_cr_arp_d_gw_btm?ie=UTF8,True
PlayStation 5 Console,Good performance but not the best,PC and Xbox have better performance and better value. Switch has more exclusives and the exclusives on PS5 are once again just remakes. It doesn’t make their games better. The controller shoulder buttons are finally better but the analog sticks are still out of place. Overall the PS5 is worth the money and wait but you may find a better value for less somewhere else,4.0 out of 5 stars,"September 21, 2022",Christopher Dye,https://amazon.com//gp/profile/amzn1.account.AEIWUASZGY7VXXAWNITTWDJZXUWQ/ref=cm_cr_arp_d_gw_btm?ie=UTF8,False
PlayStation 5 Console,Beware!,"Got our first console through the Sony invite, no problems whatsoever.  Then I got another invite from Amazon and we pounced on it so the wife could upgrade her PS4.  Right out of the box the new one would stop pairing with the controller within a minute of startup! We never even got to finish the updates, as we can't use the controller after the first couple commands work fine.  Spent way too much time on the phone with Amazon, who in the end could only offer a refund.  No replacement!  Upon going to the Sony page, they will take it for repair, but ""expect extended delay for return.""  Screw it, at this point we'll get our money back and wait again for another chance.  I sincerely hope you have better luck than we did, but at least the first one still works!  BTW,  I found online this pairing issue seems pretty common, although NO fix offered resolved the problem with ours. Good luck!",2.0 out of 5 stars,"September 21, 2022",P. Tower,https://amazon.com//gp/profile/amzn1.account.AHPOL6EFVNVW3VYE4FIW32Q646SA/ref=cm_cr_arp_d_gw_btm?ie=UTF8,True
PlayStation 5 Console,Easy to setup,"It's pretty big in size but I was able to sit it on the fireplace mantel with ease.  Otherwise, we love our PS5, and it's great company while rehabbing.  It also connected easily to our network.",5.0 out of 5 stars,"September 21, 2022",Splen,https://amazon.com//gp/profile/amzn1.account.AHCBCGXYZK5B53FM53RYJV4IBDMA/ref=cm_cr_arp_d_gw_btm?ie=UTF8,True
PlayStation 5 Console,System power failure after 45 days 👎,"Total Power failure after 45 days of usage, 2 weeks outside the 30 day Amazon return window. Console lost power in the middle of a fortnite match and would not turn on again. Sony is sending a box so I can ship it to a repair center halfway across the country. Frustrating.",1.0 out of 5 stars,"September 21, 2022",tyler van pelt,https://amazon.com//gp/profile/amzn1.account.AHKCLOEWNJD3HZ4KKJTE7ZM2MQDA/ref=cm_cr_arp_d_gw_btm?ie=UTF8,True
PlayStation 5 Console,Love it,"So far am loving it...have had every system except the 4 and never really been disappointed in any of them so far. The only thing have ever had a complaint about is the fact you have to start over buying games everytime other than with the ps2. I think they should make every system, playstation xbox and nintendo where they can play all old system games ESPECIALLY as expensive as games are these days.  It is ridiculous to spend the money on all these games to have to turn around and repurchase the same or newer version when the next system comes out.  That is part of reason never bothered with the ps4, I was tired and could not afford to keep starting over and most times the games I loved like the Breath of Fire series never made it to the newer ones.",5.0 out of 5 stars,"September 20, 2022",mkjohnson4471,https://amazon.com//gp/profile/amzn1.account.AHCPVDKW2BE57IYPSVY6XRVPROFA/ref=cm_cr_arp_d_gw_btm?ie=UTF8,True
PlayStation 5 Console,Super!!,Llego muy bien y en el tiempo estipulado y con el precio correcto en el mercado. Muchas gracias.,5.0 out of 5 stars,"September 20, 2022",Yeltsyn Tacuma,https://amazon.com//gp/profile/amzn1.account.AFRUQRVJJOA7QSKWS5XTBCO7MEGA/ref=cm_cr_arp_d_gw_btm?ie=UTF8,True
PlayStation 5 Console,Graphics are like butter,"The PS4 is a wonderful gaming machine. However, there is always something imperceptible during active gameplay. It became quite evident once I fired up the PS5 and suddenly felt like I was leaning into the screen. Everything looks closer, smoother, the subtitle movement graininess in the PS4 pro was missing. PVP players don’t suddenly appear out of nowhere. Precision shots are now possible even at greater distances. Best of all paying regular retail price a blessing. Thank you.",5.0 out of 5 stars,"September 18, 2022",Artxruss,https://amazon.com//gp/profile/amzn1.account.AGGQAVHLPOP5T36QR24B33INXIAQ/ref=cm_cr_arp_d_gw_btm?ie=UTF8,True
PlayStation 5 Console,Great price on Amazon,"What can I say it is a brand new PS5 for $500, what’s not to love ❤️",5.0 out of 5 stars,"September 17, 2022",L. amacker,https://amazon.com//gp/profile/amzn1.account.AE7WIZBUSDTWS7NC2WBWO5IDNW3Q/ref=cm_cr_arp_d_gw_btm?ie=UTF8,True
PlayStation 5 Console,Hello I’m waiting to get an invite,I’m patiently waiting for an invite to purchase. Thanks in advance.,5.0 out of 5 stars,"September 17, 2022",Leyla Cabezudo,https://amazon.com//gp/profile/amzn1.account.AFP7R7BGOY7U37E4WFTFGBY4ZD2A/ref=cm_cr_arp_d_gw_btm?ie=UTF8,False
PlayStation 5 Console,Amazing Console!,Absolutely lovely console with great graphics and an amazing new controller! Love it and can’t wait to play it more!,5.0 out of 5 stars,"September 16, 2022",Lord10,https://amazon.com//gp/profile/amzn1.account.AEA6WTOV3XOFRLOI3CW2G5V4GIHQ/ref=cm_cr_arp_d_gw_btm?ie=UTF8,True
PlayStation 5 Console,Dualsense controller is the next big thing,Is too big but great system,5.0 out of 5 stars,"September 15, 2022",Jake,https://amazon.com//gp/profile/amzn1.account.AERTRLIKSZRRISKUDT4D7QBTQ5NA/ref=cm_cr_arp_d_gw_btm?ie=UTF8,True
PlayStation 5 Console,Game play,Happy that we finally received our console. It is beautifully shaped. The game play is smooth and ready to control.,5.0 out of 5 stars,"September 14, 2022",Regina Bussey,https://amazon.com//gp/profile/amzn1.account.AE7Y6G2TKARKULCWIHVYTL7E2GPA/ref=cm_cr_arp_d_gw_btm?ie=UTF8,True
PlayStation 5 Console,My favorite console,Honestly have loved my ps5 so much so glad I got this and not the Xbox my personal favorite game right now is warzone so if you get one I recommend you play it,5.0 out of 5 stars,"September 14, 2022",Mike Boyles,https://amazon.com//gp/profile/amzn1.account.AGRMVPV5X5A42TXIP24LJV6JCFTA/ref=cm_cr_arp_d_gw_btm?ie=UTF8,True
PlayStation 5 Console,This game console graphic looks great,"I eventually acquired this long waited PS5 console in August thru Amazon invitation request signup in July. Compare to playing some fighting RPG games supporting 4K using the Dell 32 inches 165 Hz 2K VA panel monitor , this game console graphic looks very much better when viewing in the LG OLED C1 4K TV, especially in the dark or night scenes gameplay.",5.0 out of 5 stars,"September 14, 2022",K. Chau,https://amazon.com//gp/profile/amzn1.account.AHHQYZUGCZGGDWJIYQEGZCWTW22Q/ref=cm_cr_arp_d_gw_btm?ie=UTF8,True
PlayStation 5 Console,Nice,Nice,5.0 out of 5 stars,"September 13, 2022",Asnan muhammad,https://amazon.com//gp/profile/amzn1.account.AEMRVTNMTC7S6MWGC25JUNON4CIQ/ref=cm_cr_arp_d_gw_btm?ie=UTF8,True
PlayStation 5 Console,"Great console, mostly","Wish PS5 versions of games wouldn't take away your trophies, and the loading times are not non existent as claimed but they are much better. Overall I love it, controllers are more ergonomic",4.0 out of 5 stars,"September 12, 2022",Dreama Wright,https://amazon.com//gp/profile/amzn1.account.AHIVOKSHFN7K7N3S2M5GUI4Q3Z4Q/ref=cm_cr_arp_d_gw_btm?ie=UTF8,True
PlayStation 5 Console,Really noisy,"I finally got one of these, but within an hour of use I realized I would have to return it as I could not tolerate the loud high pitch wavering ufo like noise coming from the fan. It wasn’t coil whine as it was a different type of noise, and it also did not make the noise in sleep mode. I have owned a fat ps2 and a launch ps4 as well as various other consoles and pcs over the years so it’s not like I went in expecting silence. Like the fan noise of the ps4 might be louder in decibels than the ps5, but the high pitch frequency of the ps5 makes it totally unlivable to me. It was actually painful being in the same room with it even when it was doing nothing but sitting on the Home Screen.When I looked into it I found out that Sony uses 3 different types of fans in the ps5, and the brand that I got is known for making the high pitch ufo noise. The ps5 is still scarce even though it’s been out for 2 years already, and possibly 1/3rd of them are manufactured with the “bad” fan type. So I chose to get an Xbox instead of going through the hassle of returning systems until I could find one with one of the other two brands of fan that doesn’t make the ufo noise.Pretty disappointed in the lack of quality/care coming from Sony. It’s a perfectly nice console if you either get lucky and get one of the quiet ones, or are not sensitive to high pitch noises.",3.0 out of 5 stars,"September 12, 2022",Echo,https://amazon.com//gp/profile/amzn1.account.AGDYCOFCQL62MHNKR3JV75BDN5JA/ref=cm_cr_arp_d_gw_btm?ie=UTF8,False
PlayStation 5 Console,Video games are super cool,I like video games and this new console plays video games that I like and it’s pretty cool. 10/10 video games,5.0 out of 5 stars,"September 10, 2022",Peter Irons,https://amazon.com//gp/profile/amzn1.account.AGY6QL4UWGS7YLVD3BDPTRYO3EZQ/ref=cm_cr_arp_d_gw_btm?ie=UTF8,True
PlayStation 5 Console,Finally got one,"I got it a little later than predicted by a day but no extra price increase , and works great have been playing every since. When you do give yourself plenty of time to set up. I started after dinner and including transfer of games and previous saves about 6 hrs.",5.0 out of 5 stars,"September 10, 2022",james,https://amazon.com//gp/profile/amzn1.account.AFLZVTWX4BPVL5M5CXWOUD3ENDBA/ref=cm_cr_arp_d_gw_btm?ie=UTF8,True
PlayStation 5 Console,Wow,Surprised by Amazon with keeping in contact with me once on the list. Controller has a sticking issue but contact cleaner should fix that. Came on time and in great condition. No complaints. I just wish the description when I ordered was more informative (example: HDD size or with/without disc drive). Thank you,5.0 out of 5 stars,"September 10, 2022",J.C.,https://amazon.com//gp/profile/amzn1.account.AGSW5UNBDAS65KUDQG6NFUTJJV3A/ref=cm_cr_arp_d_gw_btm?ie=UTF8,True
PlayStation 5 Console,PS5 en perfecto estado,"El equipo llego en perfecto estado, sin problemas de ningun tipo.",5.0 out of 5 stars,"September 9, 2022",Darwin Hernandez,https://amazon.com//gp/profile/amzn1.account.AEGANYBMYHE4EBAJ2OW3ENOKAY5A/ref=cm_cr_arp_d_gw_btm?ie=UTF8,True
PlayStation 5 Console,gracias ..,estoy muy feliz,5.0 out of 5 stars,"September 9, 2022",mario,https://amazon.com//gp/profile/amzn1.account.AF6M2FSEYYDFVKNHNOBXQ2GILHCA/ref=cm_cr_arp_d_gw_btm?ie=UTF8,True
PlayStation 5 Console,Love this console!,Whats not to like about a sony playstation 5 for retail?!,5.0 out of 5 stars,"September 9, 2022",sheldon fraser,https://amazon.com//gp/profile/amzn1.account.AGVFW5BU33QDBHKVVWQJGBMWXEBQ/ref=cm_cr_arp_d_gw_btm?ie=UTF8,True
PlayStation 5 Console,Waiting for my invitation 🥲,Still waiting for my invitation 😭😓,5.0 out of 5 stars,"September 8, 2022",Wilberto24,https://amazon.com//gp/profile/amzn1.account.AGDFAP34Z4Z632X5BDSXNYJ457BA/ref=cm_cr_arp_d_gw_btm?ie=UTF8,False
PlayStation 5 Console,PS5,Just as amazing as the four PlayStations before this one... First have make sure it's Horizons West,5.0 out of 5 stars,"September 8, 2022",Mark Smith,https://amazon.com//gp/profile/amzn1.account.AEGPYHHCWRKYQOYRN4PMOH3SRVGA/ref=cm_cr_arp_d_gw_btm?ie=UTF8,True
PlayStation 5 Console,"Great, As described A++++","Great, As described A++++",5.0 out of 5 stars,"September 6, 2022",Paul,https://amazon.com//gp/profile/amzn1.account.AHDZW4YPQA5A4HQCVZ3L2SQ2YQUQ/ref=cm_cr_arp_d_gw_btm?ie=UTF8,True
PlayStation 5 Console,Very happy with the graphics and the controller,"I didn't want to pay some eBay scalper a premium for a PS5, so few months ago I signed up for an ""invitation"" to buy one from Amazon at retail. I figured I had a slim chance of actually getting a PS5, but I could wait. Fast forward a few months and I was happy to see an invitation from Amazon!I am very glad that I got it. The graphics are the best I've seen and the controller is great! It even has a touch pad and tilt control.The only games I care about are racing simulators. I bought Gran Turismo 7, WRC 10, and Need For Speed Remastered. The PS5 does great with those games except for the latter (which is a PS4 game). It works with the PS5 controller, but not with a steering wheel and pedals. (This is the game developer's issue, not Sony's). But hopefully in a few months they will issue a new version of Need for Speed for the PS5.Anyway, get one of these if you can!",5.0 out of 5 stars,"September 6, 2022",Brett C.,https://amazon.com//gp/profile/amzn1.account.AGI5GSPVR53KKPB4BGU7SP4IDVFQ/ref=cm_cr_arp_d_gw_btm?ie=UTF8,True
PlayStation 5 Console,Took long but worth it.,Everything was nice and as should.,5.0 out of 5 stars,"September 5, 2022",Jeandry Brito,https://amazon.com//gp/profile/amzn1.account.AFHAO5FE2LI3R3MKKBVRITQWQUSA/ref=cm_cr_arp_d_gw_btm?ie=UTF8,True
PlayStation 5 Console,It's a PS5,I like.,5.0 out of 5 stars,"September 5, 2022",David Kim,https://amazon.com//gp/profile/amzn1.account.AFATDW2NF7FPHEDPTV22MWCIVR5Q/ref=cm_cr_arp_d_gw_btm?ie=UTF8,True
PlayStation 5 Console,Great Console.  Infuriating customer support.  De facto ransomware.,"All the great things about this console are well-established.  I will tell you a few things that might give you pause. 1) Something random went wrong with my console, and it now boots to a safe mode menu with every option greyed out except ""Reset PS5 (Reinstall System Software).""  I tried contacting PS Support through chat.  Once I was finally connected with an agent, the agent immediately closed the chat, before interacting with me in any way.  I tried to go to chat again, and received a message that said ""Hey there, back so soon?, it seems Chat has not been of help to you, please try again tomorrow.""2) As of launch, there was no way to backup saves to usb, they had to be put in the cloud, using PS Plus.  For people who don't care for multiplayer, and prefer to choose their own games rather than playing whatever PS Plus decides to ""give away for free,"" PS Plus is a poor value.  It amounts to an insurance system for protecting your own (save) data, that over the course of a console cycle, costs as much as actually paying to retrieve your PC data from a ransomware user.  XBOX and PC, I am given to understand, allow cloud saves without payment.I'm not one to cut off my nose to spite my face, and Sony has some great exclusives.  But I'll think twice about buying third party games from their storefront in the future.",3.0 out of 5 stars,"September 4, 2022",JC,https://amazon.com//gp/profile/amzn1.account.AGSDWL3M3G7XRVYZQQSLRR3JTKYQ/ref=cm_cr_arp_d_gw_btm?ie=UTF8,False
PlayStation 5 Console,Came with broken parts,"Not very happy. The HDMI was broken and did not work. I used an old HDMI cable of mine and that did work. I called Amazon and they said they could not send me a new HDMI cable. Also, the box was literally ripped up when I received it. I’m wondering if this PlayStation is actually refurbished and they lied about it being new.",1.0 out of 5 stars,"September 2, 2022",Erik,https://amazon.com//gp/profile/amzn1.account.AGT2GZ2Z6MVANXVWDNJ7BLHKV7OQ/ref=cm_cr_arp_d_gw_btm?ie=UTF8,True
PlayStation 5 Console,PS 5,I've been waiting for months and I've been a prime member for a long time. Nothing so far. I dont think this thing works!,4.0 out of 5 stars,"September 2, 2022",Angela Haule,https://amazon.com//gp/profile/amzn1.account.AHJA5U6JFIFHVW2M5XN5KXGPNQGA/ref=cm_cr_arp_d_gw_btm?ie=UTF8,False
PlayStation 5 Console,Excelente,"La verdad no desepciona, muy buenos juegos, sin embargo no se porque son mas caros.",5.0 out of 5 stars,"September 1, 2022",Daniel Gabrie,https://amazon.com//gp/profile/amzn1.account.AE7A6IA3XOQOLTEINZ4N767ZQEEQ/ref=cm_cr_arp_d_gw_btm?ie=UTF8,True
PlayStation 5 Console,I love it!,Love it!,5.0 out of 5 stars,"September 1, 2022",Yifei Song,https://amazon.com//gp/profile/amzn1.account.AER3FECERQ6LSJHOUD6NPBP3CWUQ/ref=cm_cr_arp_d_gw_btm?ie=UTF8,True
PlayStation 5 Console,Vary happy,Good,5.0 out of 5 stars,"September 1, 2022",chin chan,https://amazon.com//gp/profile/amzn1.account.AEEG7V63WRPOD4QXOM4D3HYPKBUQ/ref=cm_cr_arp_d_gw_btm?ie=UTF8,True
PlayStation 5 Console,Damaged shipping box,"This was a gift for my son, it arrived damaged. Everything inside was good, but it looked like I picked this up at a garage sale.",1.0 out of 5 stars,"September 1, 2022",Cristian,https://amazon.com//gp/profile/amzn1.account.AGTHYKEORPM5URC7VOBBVOEFHYSQ/ref=cm_cr_arp_d_gw_btm?ie=UTF8,True
PlayStation 5 Console,No Display,Non existent machine doesn't power on so tv just says no display connected.,1.0 out of 5 stars,"September 1, 2022",C. J. K.,https://amazon.com//gp/profile/amzn1.account.AHGXVYX6RC7K7ASLDKDWQP5DEXDA/ref=cm_cr_arp_d_gw_btm?ie=UTF8,False
PlayStation 5 Console,finally!!!,"First, i would like to thank AMAZON for giving me the fighting chance of getting this at the regular price and not have to pay the ridiculous prices sellers have it going for.Second, this is awesome...smooth running, enhances the graphics of my ps4 games, its just an awesome console. too busy playing to really focus on what you like to know...just took the time out to give it and amazon 5 stars.",5.0 out of 5 stars,"August 31, 2022",d.rattatta,https://amazon.com//gp/profile/amzn1.account.AFZQRX7J5X4SKMIH7OYPNTK2DPFA/ref=cm_cr_arp_d_gw_btm?ie=UTF8,False
PlayStation 5 Console,Most important for me was the service camp on time as I was told,On time and love the system couldn’t ask for more,5.0 out of 5 stars,"August 31, 2022",Nery Zuniga,https://amazon.com//gp/profile/amzn1.account.AFZD67H62PSKPRBWUKJ74HSZXEKA/ref=cm_cr_arp_d_gw_btm?ie=UTF8,True
PlayStation 5 Console,Not impressed...,1) It's slow.2) Disc's sound like a jet engine running.3) Runs out of space. I had more on my PS4 with the exact terabyte size drive. I have to delete games to make more room.4) Trying to upload game saves and/or moves saves to an external hard drive. Takes almost 10 to 15 minutes. My PS4 would do saves in both places in under 2 minutes. No more trying to save and run out the door. BECAUSE I'M WAITING. They make you believe that PS5 is so much quicker.,3.0 out of 5 stars,"August 30, 2022",toobad,https://amazon.com//gp/profile/amzn1.account.AG6F5SYNJBIZQZ67FSHMFOOYIUWQ/ref=cm_cr_arp_d_gw_btm?ie=UTF8,False
PlayStation 5 Console,Awesome and very fast loading,"Was waiting for invite to buy, checking everyday finally came through and the madden football in incredible gameplay is much better, completely upgraded from ps4 console. Thx amazon",5.0 out of 5 stars,"August 30, 2022",herbie,https://amazon.com//gp/profile/amzn1.account.AEIGZ2I2VNGRZ2OTCPHYKAWD6APQ/ref=cm_cr_arp_d_gw_btm?ie=UTF8,True
PlayStation 5 Console,Great console!,,5.0 out of 5 stars,"August 30, 2022",Behlul Kula,https://amazon.com//gp/profile/amzn1.account.AFJBLH4ASJVITGUUWYEPGVFHJ3OA/ref=cm_cr_arp_d_gw_btm?ie=UTF8,True
PlayStation 5 Console,Restock/scalper,It's been 2 years and barely anyone can get any type of playstation for it's regular price and most of them twice the price with the worse bundle,1.0 out of 5 stars,"August 29, 2022",Abdul malik,https://amazon.com//gp/profile/amzn1.account.AFD6BVJJM6IMK5UGLLGIRSHSZPYQ/ref=cm_cr_arp_d_gw_btm?ie=UTF8,False
PlayStation 5 Console,Surprised,Didn’t think it was true but Amazon came through greatly appreciate it.,5.0 out of 5 stars,"August 29, 2022",Darren Torres,https://amazon.com//gp/profile/amzn1.account.AG3UI3Q3NWDVQWMSOHMWJP4KRZBA/ref=cm_cr_arp_d_gw_btm?ie=UTF8,True
PlayStation 5 Console,What are the odds I receive another invite ?,So I was in the hospital with my wife through the weekend last week and Tuesday finally she had been released. I get home to my email ding ding dings and hey I have an invitation. Yet it's invalid since I was busy trying to help comfort my wife over the weekend and the duration was only X days available to accept the invitation... what are the odds I would receive another invitation,1.0 out of 5 stars,"August 29, 2022",Nate,https://amazon.com//gp/profile/amzn1.account.AG6KHJNHTWM4Z75BJBBTH7SVXRQQ/ref=cm_cr_arp_d_gw_btm?ie=UTF8,False
PlayStation 5 Console,Solid,MANNNEEEE it runs like a champ!!!,5.0 out of 5 stars,"August 29, 2022",Gerardo Hernandez,https://amazon.com//gp/profile/amzn1.account.AER6MEUPAVQQNWKJIEI7UXPB33RA/ref=cm_cr_arp_d_gw_btm?ie=UTF8,True
PlayStation 5 Console,Finally Fiance Is Happy!,"We waited over a year for this item! I was on waiting lists for a while and well, we finally got it. Fiance is happy and takes care of it like its Gold!",5.0 out of 5 stars,"August 28, 2022",Amanda Flores,https://amazon.com//gp/profile/amzn1.account.AEK37NAFPECZVGJRO3FN64OHUNMA/ref=cm_cr_arp_d_gw_btm?ie=UTF8,True
PlayStation 5 Console,Controller,Controller has stick drift at less month of owning. But system overall is fantastic just not the controller,3.0 out of 5 stars,"August 28, 2022",Charon,https://amazon.com//gp/profile/amzn1.account.AHHDMB5M5RCS3YS7N5O6DHYGOMDQ/ref=cm_cr_arp_d_gw_btm?ie=UTF8,True
PlayStation 5 Console,Amazing Console,"I'm very happy with it. Got it on lunch day but just now thought to give it a review lol. Have no complaints. The haptic feedback controller is amazing. The games I'm playing (Spider man, Ratchet and Clank, GT7 etc) are of course awesome. Waiting for God of war Ragnarok.",5.0 out of 5 stars,"August 28, 2022",BePresent369,https://amazon.com//gp/profile/amzn1.account.AEYBKOQKB66B4CTYKEEVWDWAF2VA/ref=cm_cr_arp_d_gw_btm?ie=UTF8,False
PlayStation 5 Console,"Its a ps5, what do you expect...........5 Stars","Its a ps5, what do you expect...........5 Stars",5.0 out of 5 stars,"August 27, 2022",Allan,https://amazon.com//gp/profile/amzn1.account.AHKJX4T3JXNDLVO4L4LMJ57M7VAA/ref=cm_cr_arp_d_gw_btm?ie=UTF8,True
PlayStation 5 Console,Surprised that my name came up so quickly,"My PS4 got the ""Blue Screen of death"" so I was going to buy another one to replace, but I thought why not sign up for the PS5. I'm glad I was patient waiting for the PS5. I really got lucky judging by some of the comments about waiting for in 'invite"" I got notified in about 3 days and. I purchased immediately. Still being pessimistic on whether they would actually ship one. When I got noticed it was on the way, Wohoo!!!!!. Load times are faster, graphics excellent.",5.0 out of 5 stars,"August 27, 2022",Kenny,https://amazon.com//gp/profile/amzn1.account.AFUIZZWMS2DWBUY77PXWETPRJHLQ/ref=cm_cr_arp_d_gw_btm?ie=UTF8,True
2022 Apple MacBook Laptop chip,Very powerful CPU!,"I use this MacBook Pro M2 for music creation and it really surprised me with how much faster and responsive it is compared to my 2017 Intel based MBP. The single external monitor support kind of surprised me but it gave me a good excuse to get a nice LG 4K Ultrafine 32"" monitor. Really loving this setup!",5.0 out of 5 stars,"October 22, 2022",BluezNotez,https://amazon.com//gp/profile/amzn1.account.AESSUHGPI2YAJGLGQHMPEESOMPIA/ref=cm_cr_arp_d_gw_btm?ie=UTF8,True
2022 Apple MacBook Laptop chip,Love my macbook,"I used a macbook for my college years but once the screen broke I replaced it with windows. Going back to MacBook has been such a nice change, I can text from my laptop and the integration between phone and laptop is very convenient.",5.0 out of 5 stars,"October 21, 2022",naomy,https://amazon.com//gp/profile/amzn1.account.AFDCTPLTOKGUTPTG67DE4CIEQEVQ/ref=cm_cr_arp_d_gw_btm?ie=UTF8,True
2022 Apple MacBook Laptop chip,Not as expected,Performance same as older version,1.0 out of 5 stars,"October 20, 2022",Dhavalkumar Patel,https://amazon.com//gp/profile/amzn1.account.AGK6FD5HU56YL466R6ELOH5WRC4Q/ref=cm_cr_arp_d_gw_btm?ie=UTF8,True
2022 Apple MacBook Laptop chip,Not impressed. Professional Film Maker and Photographer.,Surprised that it wasn’t as fast wile working with FCPX and Photoshop. We ended up returning it for a MacBook Pro M1Pro and it’s as if that one is +5x faster. As well as the option of multi displays and better specs all across the board.,2.0 out of 5 stars,"October 19, 2022",John,https://amazon.com//gp/profile/amzn1.account.AFBHQUOJI2Z5FOYJBSLSQWZ47VSQ/ref=cm_cr_arp_d_gw_btm?ie=UTF8,True
2022 Apple MacBook Laptop chip,heavy Not,I like that it's light weight,5.0 out of 5 stars,"October 18, 2022",Diana Lynn Raderschadt,https://amazon.com//gp/profile/amzn1.account.AGUWFZIZP4F3ZNHDRLDQCNVIQUPA/ref=cm_cr_arp_d_gw_btm?ie=UTF8,True
2022 Apple MacBook Laptop chip,Fantastic,Just perfect for what I needed,5.0 out of 5 stars,"October 17, 2022",Dr. Faith Obafemi,https://amazon.com//gp/profile/amzn1.account.AF3RGA7SKF64IPXSI2PNPN2YBBEQ/ref=cm_cr_arp_d_gw_btm?ie=UTF8,True
2022 Apple MacBook Laptop chip,Great laptop,"Love it, can’t beat the quality of a Mac. And it was delivered next day",5.0 out of 5 stars,"October 16, 2022",RGM,https://amazon.com//gp/profile/amzn1.account.AFLJ5VQHYIZROVWT4BELOY2JLZWA/ref=cm_cr_arp_d_gw_btm?ie=UTF8,True
2022 Apple MacBook Laptop chip,NO USB PORTS,Apple doing apple things… there is no USB ports on this… like what..,1.0 out of 5 stars,"October 15, 2022",Michelle Nichole Martin Del Campo,https://amazon.com//gp/profile/amzn1.account.AF4CE4ZJVOGYQUDX53RIEZM3LFZQ/ref=cm_cr_arp_d_gw_btm?ie=UTF8,True
2022 Apple MacBook Laptop chip,"Lightweight, good battery life",I use Photoshop and a few drawing apps. Amateur photography. I heard the fans the Pro comes with cool the hardware and may extend the life of the device. It doesn’t stagger when I’m running all my graphic apps and digital paintings. I like Touch Bar above the keyboard and the picture quality is nice. I look forward to having it for many years.,5.0 out of 5 stars,"October 12, 2022",z9,https://amazon.com//gp/profile/amzn1.account.AE5YI25G7XFJECK5LVEZKN5344YA/ref=cm_cr_arp_d_gw_btm?ie=UTF8,True
2022 Apple MacBook Laptop chip,Can't handle the heat or direct sunlight,"First let me say, I love Mac and this is all I'll buy ""for now"".Don't use it outside in the sun or heat. Mine freezes constantly until the heat dissipates and makes it almost unusable. I am sitting outside in Belize where it is 29c/85f every day, all day long. This thing lasts 10 minutes before it can't handle it and then freezes for 30-60 seconds and becomes usable for a minute or two before starting again. Not to mention the permanent damage this could do over time.I avoid the sunlight for two reasons, the heat as I mentioned but the Touchbar is unreadable.Just my personal opinion on the Touchbar, it is the worst thing ever...I guess cause I just use the Function keys anyway but not being able to feal the keys when touch typing is horrible.Giving it 3 stars because I love mac but if you are on the fence and want to spend time outside in the summer...don't buy",3.0 out of 5 stars,"October 12, 2022",SlowPoke,https://amazon.com//gp/profile/amzn1.account.AHKWQGUWLBR5T4LNYWCQH3R2KLAA/ref=cm_cr_arp_d_gw_btm?ie=UTF8,False
2022 Apple MacBook Laptop chip,Great Computer,Love everything about this laptop. First time owning a MacBook and I would definitely recommend. It took some getting used to but well worth it.,5.0 out of 5 stars,"October 12, 2022",Cfaircloth,https://amazon.com//gp/profile/amzn1.account.AHTVONH3QOZMSWJEDFPQNUMLKYUA/ref=cm_cr_arp_d_gw_btm?ie=UTF8,True
2022 Apple MacBook Laptop chip,Husband working on this,looks good will get husband will work on it.,4.0 out of 5 stars,"October 7, 2022",Linda,https://amazon.com//gp/profile/amzn1.account.AF3MEQG5N2XG3TN2SQ6MZI4EIZ4Q/ref=cm_cr_arp_d_gw_btm?ie=UTF8,True
2022 Apple MacBook Laptop chip,The best one,The best Mac book ever,5.0 out of 5 stars,"October 6, 2022",Pablo lozano,https://amazon.com//gp/profile/amzn1.account.AG2CN3DHK66PWR3DQKT2F5K6FTPA/ref=cm_cr_arp_d_gw_btm?ie=UTF8,True
2022 Apple MacBook Laptop chip,Great product,Seamless interface,5.0 out of 5 stars,"October 3, 2022",Tristan Schulz,https://amazon.com//gp/profile/amzn1.account.AHPTNKO4RZKG6ZIJHI6PRUPIGXIA/ref=cm_cr_arp_d_gw_btm?ie=UTF8,True
2022 Apple MacBook Laptop chip,Greate performance and good quality.,This is definitely good laptop with M2 chip it makes it even faster. The battery performance was expected to be more but it has same battery time as previous versions.,5.0 out of 5 stars,"October 3, 2022",MJ,https://amazon.com//gp/profile/amzn1.account.AEBT6XLI6MVHUURDIGZFWPY5VMCA/ref=cm_cr_arp_d_gw_btm?ie=UTF8,True
2022 Apple MacBook Laptop chip,"very fast, good screen and new design keyboard","This computer has exceeded my expectations. The workmanship is very good. There is a display board on the keyboard that can be displayed, which can control the volume and other operations. The screen of the computer is also good, and it is very smooth to use. overall feeling very satisfied.",5.0 out of 5 stars,"October 2, 2022",O,https://amazon.com//gp/profile/amzn1.account.AG4X4LGQN6FHTU5FMAJUX7WWAYSQ/ref=cm_cr_arp_d_gw_btm?ie=UTF8,True
2022 Apple MacBook Laptop chip,Excellent Device,Purchased this device for my daughter to finish college. She absolutely loves it .,5.0 out of 5 stars,"October 1, 2022",Anthony Andrews,https://amazon.com//gp/profile/amzn1.account.AET5TL3EINCB73KTKGOQC36FJZWA/ref=cm_cr_arp_d_gw_btm?ie=UTF8,True
2022 Apple MacBook Laptop chip,Great computer,4 th MacBook I have purchased for my college age kids! This computer is fantastic for nursing students and business major students. My daughter is extremely happy with everything about this computer!,5.0 out of 5 stars,"September 30, 2022",Kindle Customer,https://amazon.com//gp/profile/amzn1.account.AF4JGTC5QQSL4DH7HNMK5YERJOBQ/ref=cm_cr_arp_d_gw_btm?ie=UTF8,True
2022 Apple MacBook Laptop chip,I am in LOVE with the New Apple MacBook Pro Laptop!,"I have several versions of the MacBook Pro, and this one is very fast and the picture and colors are awesome! It has a longer battery life than before and a user-friendly touch screen.  Amazing!",5.0 out of 5 stars,"September 27, 2022",DerbyLaneDreams,https://amazon.com//gp/profile/amzn1.account.AEHDYAS2DUTNFNGXKWBRUEJDZJPA/ref=cm_cr_arp_d_gw_btm?ie=UTF8,True
2022 Apple MacBook Laptop chip,Worth every penny!,"I've been using Chromebooks for the past few years and finally decided to get a Mac.  This machine does everything I need and much more.  It was worth the money.  It doesn't have a touchscreen but the touchpad does everything you need.  And it's incredibly fast.  It has so many features on it, and I've found it very easy to use and to learn.",5.0 out of 5 stars,"September 25, 2022",Christy Keever,https://amazon.com//gp/profile/amzn1.account.AERTGD26A3SJ2LNNUZG4ZXUYCLOA/ref=cm_cr_arp_d_gw_btm?ie=UTF8,True
2022 Apple MacBook Laptop chip,Jumped ship from Windows!,"From PC Guy to MAC Guy! The jump was much easier than I thought. Thank goodness there’s a MAC version of all the software I used in the PC world. This MAC is a beast compared to the previous PC’s I’ve owned. Everything is much better. Battery Life, processor’s, compatibility with all my wireless peripherals. It’s almost too much. Plenty of room to grow. MacBook Pro 13in. M2 16gbRAM 1 TB SSD!…I GOT PLANS!",5.0 out of 5 stars,"September 23, 2022",Rich,https://amazon.com//gp/profile/amzn1.account.AH3G5M7VBWZP6OBD2VWT2KQCYHVQ/ref=cm_cr_arp_d_gw_btm?ie=UTF8,True
2022 Apple MacBook Laptop chip,Perfect!,Product is without blemish and is used for academic activities.,5.0 out of 5 stars,"September 15, 2022",Ugebe Patrick Okinedo,https://amazon.com//gp/profile/amzn1.account.AGX6XJUQLU53SXAZPU72EM3YQXTA/ref=cm_cr_arp_d_gw_btm?ie=UTF8,True
2022 Apple MacBook Laptop chip,Perfect,Excellent battery life,5.0 out of 5 stars,"September 12, 2022",Amazon Customer,https://amazon.com//gp/profile/amzn1.account.AG4HJ5Y7UP5HDJWIDUG5BLUFTBHQ/ref=cm_cr_arp_d_gw_btm?ie=UTF8,True
2022 Apple MacBook Laptop chip,Recycled? Who cares. It’s a Macbook.,Bought for design and music.Should be perfect…,5.0 out of 5 stars,"September 9, 2022",ia,https://amazon.com//gp/profile/amzn1.account.AFLMJKT5FSVZQTQJ7372QIW33UBQ/ref=cm_cr_arp_d_gw_btm?ie=UTF8,True
2022 Apple MacBook Laptop chip,Best Laptop,Excellent laptop - build quality is superb!,5.0 out of 5 stars,"September 6, 2022",MrZ9976,https://amazon.com//gp/profile/amzn1.account.AFELUTRVVFLLLDSZTQG6SENG4YTA/ref=cm_cr_arp_d_gw_btm?ie=UTF8,True
2022 Apple MacBook Laptop chip,High quality,Very good,5.0 out of 5 stars,"September 5, 2022",elma dias,https://amazon.com//gp/profile/amzn1.account.AFQBLC5ROHURS45KPMQHPN6LIZJQ/ref=cm_cr_arp_d_gw_btm?ie=UTF8,True
2022 Apple MacBook Laptop chip,Factory Defact,There was a factory problem with the macbook very sad.,3.0 out of 5 stars,"August 30, 2022",Adam Shifau,https://amazon.com//gp/profile/amzn1.account.AG6WOKN2BMYGY3OCEHEILRRIOHCQ/ref=cm_cr_arp_d_gw_btm?ie=UTF8,False
2022 Apple MacBook Laptop chip,Perfect for Grandson going to College,"This laptop is an updated version of one I myself own and it was quickly set up by my grandson. He loves it!I know it will be great for him, as mine has been for me. Thanks!",5.0 out of 5 stars,"August 29, 2022",jbro141,https://amazon.com//gp/profile/amzn1.account.AFS6DVU5M7U72RNIX6R5J3ER7TIQ/ref=cm_cr_arp_d_gw_btm?ie=UTF8,True
2022 Apple MacBook Laptop chip,Average,Pro Lots of power and good screen resolutionCon not worth the money vs PC. MS applications and mouse aren’t intuitive. Always seems to have networking issues.,3.0 out of 5 stars,"August 26, 2022",Amazon Customer,https://amazon.com//gp/profile/amzn1.account.AHOIE6FB34XMWQJ5VG6OD6GYYHAA/ref=cm_cr_arp_d_gw_btm?ie=UTF8,False
2022 Apple MacBook Laptop chip,Great computer.,"Muy buena calidad, llegó como decía  la descripción 🔥",5.0 out of 5 stars,"August 26, 2022",Darling,https://amazon.com//gp/profile/amzn1.account.AG5HQNMJU3BOQRELPF6FZGJ73OKA/ref=cm_cr_arp_d_gw_btm?ie=UTF8,True
2022 Apple MacBook Laptop chip,Video crashed on setup!,Video crashed during setup. How did this unit make it out of the factory?!At least they took it back.,1.0 out of 5 stars,"August 25, 2022",N. Hannum,https://amazon.com//gp/profile/amzn1.account.AEGFHMXRDYA4ONQFHLEVVVKW3EAQ/ref=cm_cr_arp_d_gw_btm?ie=UTF8,True
2022 Apple MacBook Laptop chip,was delivered smashed,I dislike smashed parcels,1.0 out of 5 stars,"August 20, 2022",geoffrey o'hair,https://amazon.com//gp/profile/amzn1.account.AFEXPOUCCJR3HIDILQUR7C3FMUMA/ref=cm_cr_arp_d_gw_btm?ie=UTF8,True
2022 Apple MacBook Laptop chip,Awesome product,This laptop is just what I was looking for. Service and communication was great.,5.0 out of 5 stars,"August 20, 2022",Amazon Customer,https://amazon.com//gp/profile/amzn1.account.AEUJECTHTEA4U7PLPQK6AK3WJO7Q/ref=cm_cr_arp_d_gw_btm?ie=UTF8,True
2022 Apple MacBook Laptop chip,Great,It is a great device though. If you want a small laptop then it is the right one for you .,5.0 out of 5 stars,"August 17, 2022",Emad Uddin,https://amazon.com//gp/profile/amzn1.account.AEPKKYROH4G4EFSUJD7QXLASUC2Q/ref=cm_cr_arp_d_gw_btm?ie=UTF8,True
2022 Apple MacBook Laptop chip,Great buy,Well worth it,5.0 out of 5 stars,"August 15, 2022",Vern,https://amazon.com//gp/profile/amzn1.account.AHGTAO2EGMQ3RAQV43CRDS4IRSUQ/ref=cm_cr_arp_d_gw_btm?ie=UTF8,True
2022 Apple MacBook Laptop chip,Its performance is very good!,"Work with it, watch videos for entertainment, use it, it,! Haha, competent for everything.",5.0 out of 5 stars,"August 14, 2022",Beily,https://amazon.com//gp/profile/amzn1.account.AF6T64F4YAH3UR6IJQMXY25RBAQQ/ref=cm_cr_arp_d_gw_btm?ie=UTF8,True
2022 Apple MacBook Laptop chip,caution with your MacBook Pro 2022,don't format your hard disk in extended macOS you will be greeted with circle with a exclamation and call apple,5.0 out of 5 stars,"August 11, 2022",Joe Mckenzie,https://amazon.com//gp/profile/amzn1.account.AGJDEO54MJWLJRH2ACMX4FU5OG6Q/ref=cm_cr_arp_d_gw_btm?ie=UTF8,False
2022 Apple MacBook Laptop chip,Excellent small laptop,"Plenty of speed and power for photo and video editing using Adobe software. My biggest complaint is that the machine has only two ports. If you are charging the machine in one port, you are left with a single port.",4.0 out of 5 stars,"August 9, 2022",anon,https://amazon.com//gp/profile/amzn1.account.AFK5AR4ZUXJ4A7O2PISBKPZRYOAA/ref=cm_cr_arp_d_gw_btm?ie=UTF8,True
2022 Apple MacBook Laptop chip,"No SD Card port, No USB port, Not Enough Memory to Run Photo App","Be sure to by expensive adapters, and special Apple mouse, in order to use it.  I tried to run my favorite photo app, and the app only partially worked.  I received warnings that the app was using too much memory, and I should shut it down.  I returned it.",2.0 out of 5 stars,"July 30, 2022",CS Ripley,https://amazon.com//gp/profile/amzn1.account.AHPEM64BC3BT3BUTA4ZE72QQ4EHA/ref=cm_cr_arp_d_gw_btm?ie=UTF8,True
2022 Apple MacBook Laptop chip,NEED PORTS BACK !!!,"I am not sure if Amazon will allow me to write a review for this new Apple MacBook Pro 2 ... as I chose to NOT buy it after checking it out.  I am hoping that somebody at Apple might see these comments from a current Mac owner.I'd like to explain why I DID NOT buy this new Macbook Pro...and went with a similarly sized AMOLED Samsung model instead.  I already own a Corei7 MacMini and own Logic Pro as well as FinalCut.  It would be GREAT if I could have this Apple software on a Macbook Pro too.  Main problem for me ... THE PORTS.  I simply do not want to drag around some bulky USB interface gadget that I have to plug in and plug out of my neat little laptop.  When I started looking elsewhere....I saw that a similar new model Samsung laptop not only has the same new USB ports as the new MacBook Pro ... but the Samsung also has a full size HDMI out, a microSD card reader, and one regular old fashioned USB port.  Oh...and I have a game changing and GORGEOUS AMOLED screen to boot.  Yea...I cannot run FinalCut or LogicPro on the road ... but I can still use that Apple software at home on the Mac Mini.  Apple... I just do not understand why you cannot engineer NEEDED ports back into Macbooks like Samsung and other have been able to do on their similarly sized models.  The Samsung model I bought via Amazon is the Samsung 13.3"" Galaxy Book2 Pro with 12th gen i7, 8gb, 512gb ... with my own real money.  I have NOTHING to do with Samsung or Amazon and got nothing from any source for writing this appeal to Apple.  Tks.",3.0 out of 5 stars,"July 25, 2022",Larry S,https://amazon.com//gp/profile/amzn1.account.AEMVXAOGGWWF3KN3BKGV3MGTXSKQ/ref=cm_cr_arp_d_gw_btm?ie=UTF8,False
2022 Apple MacBook Laptop chip,So far it’s a good computer.,So far it's perfect.,5.0 out of 5 stars,"July 23, 2022",J .Houser,https://amazon.com//gp/profile/amzn1.account.AEXACW72IPXIKFO2K5476NVCOXPQ/ref=cm_cr_arp_d_gw_btm?ie=UTF8,True
2022 Apple MacBook Laptop chip,Does not work,"My macbook not charging and after trying to charge him he exploded, and I got burns on my hands",1.0 out of 5 stars,"July 22, 2022",Omar Nozama,https://amazon.com//gp/profile/amzn1.account.AESMN3VHYWAJBP2XSRAYJN4A2XQQ/ref=cm_cr_arp_d_gw_btm?ie=UTF8,False
2022 Apple MacBook Laptop chip,Fantastic Laptop,I absolutely love this laptop. Switching from a PC took a little adjustment but I’ve had an iPhone for years and love the seamless integration between the 2. I could use a bit of a larger screen but I understand that’s not the way the market is trending. And I’m still comfortable with it as it is. A truly great product for sure!!,5.0 out of 5 stars,"July 20, 2022",Brittney Snyder,https://amazon.com//gp/profile/amzn1.account.AFCVHWWYVJBDQIZ6V5YEC7WC3UUQ/ref=cm_cr_arp_d_gw_btm?ie=UTF8,False
2022 Apple MacBook Laptop chip,Additional Software Bought Not installed,Software addition was not installed.,3.0 out of 5 stars,"July 20, 2022",Amazon Customer,https://amazon.com//gp/profile/amzn1.account.AHR245LZTX3FZ6D6CZY5GNDIVS3Q/ref=cm_cr_arp_d_gw_btm?ie=UTF8,True
2022 Apple MacBook Laptop chip,Ready to lose all compatibility with older macs/ext SSD/SDmemory! How about no print drivers!,The M1 and M2 series of Macs are more of an attempt to remove compatibility to any external hard drives of other macs (pre Big Sur) and require a new drive format which has no new advantages.  They are also not yet supported by most popular printer companies ... no Epson printer drivers for 2 years now! My only guess is that apple wants all customers to use icloud drives online with no other easy options!  Maybe they will make printing an apple service too?  This is a deal breaker for me ... I need to be able to xfer file from one machine to another be it mac or windows machines.  Another massive disappointment in apple to create great hardware but make it dysfunctional!,1.0 out of 5 stars,"July 13, 2022",Koiphish,https://amazon.com//gp/profile/amzn1.account.AGVO3RCMHPTSIQGZ3UKO5HKUCGQA/ref=cm_cr_arp_d_gw_btm?ie=UTF8,False
2022 Apple MacBook Laptop chip,Not great,Not what I expected. Too much hype and not different from my old m1,1.0 out of 5 stars,"July 12, 2022",Ventusan,https://amazon.com//gp/profile/amzn1.account.AEFA2XAZICYNTJ37CVOWNQ6N6T3Q/ref=cm_cr_arp_d_gw_btm?ie=UTF8,False
2022 Apple MacBook Laptop chip,It seems a bit niche at this point,"Full disclosure: This is not my daily device. IT purchased one of these at work because they couldn't wait on the M2 MacBook Air, but now they wish they had.I have been using this device for a few weeks now and there is absolutely nothing wrong with it. I have been a huge fan of Apple Silicon architecture since its release, and I originally purchased the 13"" MBP with the M1 chip in it before upgrading to the 16"" M1 Max that I use now. Apple Silicon is a game changer and really sets the standard for creative workloads.My issue at this point is what exactly this M2 version of the 13"" MBP brings to the table. The 2022 MacBook Pro with the M2 chip utilizes the older chassis from the previous gen. As such, your port options are limited and you do not get MagSafe charging. The chassis also is starting to look a bit dated with Apple shifting towards cleaner and flatter lines on their devices.The 2022 MacBook Air has everything you need in a device around this price point. With the 2022 MacBook Air, you will get MagSafe charging, you will get a larger 13.6"" screen with smaller bevels (vs. 13.3"" on MBP), you will get 1080p camera (720p on MBP), you will get lighter weight at 2.7lbs (3lbs on MBP), and you will get Apple's newer chassis.The MBP does include a fan for active cooling, as well as the touchbar. If you're purchasing the Apple MacBook Pro 13"" for tasks that require active cooling as a necessity, you will likely need a minimum of 16gb of RAM, at which point your best bet is to spend the extra $200 and upgrade to the 14"" MacBook Pro with the M1 Pro chip. I have never met anyone who just really likes the touch bar to the point that it's a game changer, but if you really need that touch bar, this is the only way you can get it now.The M2 MacBook Pro also provides 2hrs of better battery life than the MacBook Air, but this is not worth sacrificing all of the other benefits of the Air.Overall, if you purchase this device, it will perform well and do everything you really need. It is a good computer and you will be happy with it. At the same time, there are BETTER purchase options on either end of the spectrum, creating sort of a niche market of consumers for which the 13"" MBP is desired. My recommendation is to either purchase the 2022 MacBook Air, or go ahead and step up to the 14"" MacBook Pro M1.",3.0 out of 5 stars,"July 7, 2022",Ian,https://amazon.com//gp/profile/amzn1.account.AEC43WZOGOFPNG44KTYH6UW6CEZQ/ref=cm_cr_arp_d_gw_btm?ie=UTF8,False
2022 Apple MacBook Laptop chip,⚠️⚠️⚠️⚠️⚠️,Claiming to have the Apple air M2 already!! I don’t think so,1.0 out of 5 stars,"July 7, 2022",Trishia Kennedy,https://amazon.com//gp/profile/amzn1.account.AFGWIXSXT4QQWIUF6CVPWB2LCYGA/ref=cm_cr_arp_d_gw_btm?ie=UTF8,False
2022 Apple MacBook Laptop chip,Camera is not working,"I purchased MacBook Pro in the year 2017.  The camera is useless and not working.  When I took the device to Apple store, the estimate for repairs is given as $578 for replacement of entire display.",1.0 out of 5 stars,"July 5, 2022",Y K Srinath,https://amazon.com//gp/profile/amzn1.account.AETVQR3ZFBSYF2SVIRVW3BAY4UHQ/ref=cm_cr_arp_d_gw_btm?ie=UTF8,False
2022 Apple MacBook Laptop chip,First Mac,"Fantastic machine. Quick, sleek and so intuitive. This is my first Mac and very impressed so far. Love the task bar too! 👍",5.0 out of 5 stars,"July 3, 2022",mike,https://amazon.com//gp/profile/amzn1.account.AEIV6KGLRSI52G3XIIH5X5JTJCSQ/ref=cm_cr_arp_d_gw_btm?ie=UTF8,True
